Epoch,Train Loss,Validation Loss,Train Accuracy,Validation Accuracy,Test Accuracy
1,98807947264.0,40554209476608.0,0.6954529432499119,0.7047413793103449,0.6956889264581573
2,30717830496256.0,229117496655872.0,0.6784455410645047,0.6870689655172414,0.6813186813186813
3,303373437894656.0,2257941616918528.0,0.591293620021149,0.5823275862068965,0.5836855452240067
4,3223711989628928.0,190539513200640.0,0.5749030666196686,0.5741379310344827,0.5701606086221471
5,335678671945728.0,328483460874240.0,0.665315474092351,0.6637931034482759,0.6635672020287405
6,300306898354176.0,63323466891264.0,0.6490130419457173,0.6379310344827587,0.6441251056635672
7,103217778130944.0,14381615153152.0,0.7062918575960522,0.6939655172413793,0.6939983093829247
8,73266689474560.0,231773933928448.0,0.6985371871695453,0.6956896551724138,0.6969568892645815
9,246244333060096.0,229185528266752.0,0.7518505463517801,0.7525862068965518,0.7506339814032121
10,212433629085696.0,12698177765376.0,0.849841381741276,0.8439655172413794,0.8436179205409975
11,16448930971648.0,28132681711616.0,0.7799612266478675,0.7685344827586207,0.7704987320371935
12,168317083975680.0,56962439970816.0,0.7722065562213606,0.7594827586206897,0.7578191039729502
13,170873394823168.0,83469602390016.0,0.7454176947479733,0.7521551724137931,0.7489433643279797
14,77257116745728.0,112522447290368.0,0.7045294324991188,0.6961206896551724,0.7003381234150465
15,131522770239488.0,45379575873536.0,0.774497708847374,0.7629310344827587,0.7700760777683855
16,85329390338048.0,3470385217536.0,0.8358301022206556,0.8314655172413793,0.8313609467455622
17,11335410647040.0,15694052720640.0,0.8059569968276348,0.7965517241379311,0.7928994082840237
18,24083169280000.0,297327263744.0,0.8574198096580895,0.8547413793103448,0.8537616229923922
19,557717258240.0,4770766520320.0,0.8429679238632358,0.8344827586206897,0.8351648351648352
20,27960081907712.0,1228197593088.0,0.8012865703207613,0.7995689655172413,0.7983939137785292
21,2832156327936.0,7226130432000.0,0.812037363412055,0.8051724137931034,0.8060016906170753
22,6926442692608.0,1293234864128.0,0.8308953119492422,0.8284482758620689,0.8292476754015216
23,2262118432768.0,1560908398592.0,0.8574198096580895,0.8543103448275862,0.8533389687235841
24,3058357501952.0,1697815592960.0,0.8570673246387028,0.8543103448275862,0.8533389687235841
25,3777640529920.0,1753411485696.0,0.8568029608741629,0.8543103448275862,0.8533389687235841
26,4647154089984.0,1699515990016.0,0.8562742333450828,0.8543103448275862,0.852916314454776
27,6044196536320.0,1273120423936.0,0.8572435671483962,0.8547413793103448,0.8533389687235841
28,5102176829440.0,1222053724160.0,0.8573316884032428,0.8547413793103448,0.8533389687235841
29,4947689078784.0,1169801609216.0,0.8573316884032428,0.8547413793103448,0.8533389687235841
30,4841577381888.0,1110827859968.0,0.8573316884032428,0.8547413793103448,0.8533389687235841
31,4707770695680.0,1055248154624.0,0.8573316884032428,0.8547413793103448,0.8533389687235841
32,4557372915712.0,1005639958528.0,0.8573316884032428,0.8547413793103448,0.8533389687235841
33,4407551328256.0,953880215552.0,0.8574198096580895,0.8547413793103448,0.8537616229923922
34,4237299023872.0,904289124352.0,0.8574198096580895,0.8547413793103448,0.8537616229923922
35,4043501207552.0,860291661824.0,0.8574198096580895,0.8547413793103448,0.8537616229923922
36,3834259701760.0,816641540096.0,0.8574198096580895,0.8547413793103448,0.8533389687235841
37,3616662880256.0,773601361920.0,0.8571554458935495,0.8547413793103448,0.8524936601859678
38,3397997297664.0,734723375104.0,0.8562742333450828,0.8538793103448276,0.8520710059171598
39,3180418826240.0,698342637568.0,0.8558336270708495,0.8530172413793103,0.8520710059171598
40,2963775422464.0,663893377024.0,0.8549524145223828,0.8525862068965517,0.8516483516483516
41,2745899155456.0,633522618368.0,0.8553048995417695,0.8530172413793103,0.8516483516483516
42,2533175066624.0,605316579328.0,0.8558336270708495,0.8538793103448276,0.8520710059171598
43,2326086549504.0,582224904192.0,0.8569792033838561,0.8547413793103448,0.8520710059171598
44,2123895799808.0,562207129600.0,0.8569792033838561,0.8547413793103448,0.8520710059171598
45,1927470514176.0,545671086080.0,0.8571554458935495,0.8547413793103448,0.8520710059171598
46,1739689426944.0,534306881536.0,0.8572435671483962,0.8543103448275862,0.8520710059171598
47,1562017136640.0,527340535808.0,0.8571554458935495,0.8543103448275862,0.8524936601859678
48,1393504813056.0,522708910080.0,0.8567148396193162,0.8538793103448276,0.8520710059171598
49,1244990144512.0,630557966336.0,0.8552167782869228,0.8504310344827586,0.8474218089602705
50,1165498908672.0,1017734627328.0,0.8529256256609095,0.8474137931034482,0.8444632290786137
51,1228198903808.0,992563822592.0,0.8529256256609095,0.8469827586206896,0.8453085376162299
52,1141378514944.0,534660644864.0,0.8563623545999295,0.8525862068965517,0.8512256973795436
53,898949971968.0,464900063232.0,0.8570673246387028,0.8543103448275862,0.8524936601859678
54,842928291840.0,452125589504.0,0.8571554458935495,0.8547413793103448,0.8524936601859678
55,812781338624.0,441756745728.0,0.8571554458935495,0.8547413793103448,0.8524936601859678
56,779480268800.0,433363812352.0,0.8571554458935495,0.8547413793103448,0.8524936601859678
57,745779953664.0,425704259584.0,0.8571554458935495,0.8547413793103448,0.8524936601859678
58,709565284352.0,419283697664.0,0.8571554458935495,0.8547413793103448,0.8524936601859678
59,673754316800.0,414648270848.0,0.8571554458935495,0.8547413793103448,0.8524936601859678
60,637158359040.0,410097057792.0,0.8571554458935495,0.8547413793103448,0.8524936601859678
61,600887918592.0,407150723072.0,0.8569792033838561,0.8538793103448276,0.8524936601859678
62,566269837312.0,405258502144.0,0.8569792033838561,0.8538793103448276,0.8524936601859678
63,532310065152.0,403453280256.0,0.8569792033838561,0.8538793103448276,0.8520710059171598
64,499482165248.0,434863276032.0,0.8568029608741629,0.853448275862069,0.8520710059171598
65,470008397824.0,480851132416.0,0.8558336270708495,0.8525862068965517,0.8512256973795436
66,458565812224.0,530449563648.0,0.8551286570320762,0.8512931034482759,0.8508030431107354
67,474526384128.0,512850100224.0,0.8553930207966162,0.8521551724137931,0.8508030431107354
68,456939274240.0,461940326400.0,0.8561861120902362,0.8525862068965517,0.8516483516483516
69,428000706560.0,416678477824.0,0.8565385971096229,0.853448275862069,0.8520710059171598
70,417753235456.0,389343576064.0,0.8568029608741629,0.853448275862069,0.8520710059171598
71,413464297472.0,367149645824.0,0.8567148396193162,0.853448275862069,0.8524936601859678
72,409212485632.0,350502486016.0,0.8568029608741629,0.8538793103448276,0.8524936601859678
73,403488669696.0,338990825472.0,0.8568910821290096,0.8538793103448276,0.8524936601859678
74,396031328256.0,331633721344.0,0.8568910821290096,0.8538793103448276,0.8524936601859678
75,386701656064.0,328043233280.0,0.8568029608741629,0.8538793103448276,0.8524936601859678
76,375766384640.0,327545225216.0,0.8568029608741629,0.8538793103448276,0.8524936601859678
77,363538382848.0,329871458304.0,0.8568029608741629,0.8538793103448276,0.852916314454776
78,350209474560.0,334507638784.0,0.8564504758547762,0.853448275862069,0.8524936601859678
79,338334121984.0,348895215616.0,0.8563623545999295,0.8530172413793103,0.8524936601859678
80,328250720256.0,363250253824.0,0.8562742333450828,0.8530172413793103,0.8520710059171598
81,321646198784.0,368797220864.0,0.8561861120902362,0.8530172413793103,0.8520710059171598
82,314608713728.0,363222761472.0,0.8560098695805428,0.8530172413793103,0.8520710059171598
83,306245271552.0,343811293184.0,0.8560979908353895,0.8530172413793103,0.8520710059171598
84,293222547456.0,313532448768.0,0.8564504758547762,0.8530172413793103,0.8520710059171598
85,282191298560.0,284402974720.0,0.8566267183644695,0.8530172413793103,0.852916314454776
86,275379257344.0,263629799424.0,0.8566267183644695,0.8538793103448276,0.852916314454776
87,270967357440.0,252934848512.0,0.8565385971096229,0.8538793103448276,0.852916314454776
88,265285337088.0,245798387712.0,0.8565385971096229,0.8538793103448276,0.8533389687235841
89,258145714176.0,244028309504.0,0.8564504758547762,0.853448275862069,0.8533389687235841
90,249479430144.0,250979663872.0,0.8562742333450828,0.8530172413793103,0.852916314454776
91,240280485888.0,260297981952.0,0.8559217483256961,0.8521551724137931,0.8512256973795436
92,233744072704.0,264456011776.0,0.8557455058160028,0.8521551724137931,0.8508030431107354
93,230408388608.0,256482787328.0,0.8555692633063094,0.8521551724137931,0.8503803888419273
94,225246019584.0,238183038976.0,0.8554811420514629,0.8525862068965517,0.8508030431107354
95,217621823488.0,216413683712.0,0.8555692633063094,0.8525862068965517,0.8508030431107354
96,211890176000.0,198442401792.0,0.8552167782869228,0.8521551724137931,0.8508030431107354
97,209220976640.0,189253779456.0,0.8548642932675361,0.8525862068965517,0.8503803888419273
98,205986004992.0,187511488512.0,0.8541593232287628,0.8508620689655172,0.8499577345731192
99,201577955328.0,192009601024.0,0.8538949594642228,0.8508620689655172,0.8499577345731192
100,196248748032.0,199270481920.0,0.8531899894254494,0.8508620689655172,0.849535080304311
101,191977406464.0,203794432000.0,0.8526612618963694,0.8504310344827586,0.849112426035503
102,189728555008.0,203751686144.0,0.8524850193866761,0.8495689655172414,0.849535080304311
103,186743668736.0,192655015936.0,0.8525731406415228,0.85,0.849535080304311
104,181894348800.0,181648932864.0,0.8529256256609095,0.85,0.849112426035503
105,178166562816.0,172131811328.0,0.8536305956996828,0.8508620689655172,0.8499577345731192
106,175367536640.0,167392526336.0,0.8541593232287628,0.8512931034482759,0.8499577345731192
107,172066750464.0,166927925248.0,0.8542474444836095,0.8512931034482759,0.8499577345731192
108,168081801216.0,170253107200.0,0.8544236869933027,0.8521551724137931,0.8508030431107354
109,163981934592.0,173649739776.0,0.8543355657384561,0.8525862068965517,0.8512256973795436
110,160805617664.0,173549862912.0,0.8546880507578428,0.8517241379310345,0.8516483516483516
111,158028365824.0,164638982144.0,0.8552167782869228,0.8521551724137931,0.8520710059171598
112,154051723264.0,155154907136.0,0.8553048995417695,0.8525862068965517,0.8520710059171598
113,151160307712.0,149547483136.0,0.8555692633063094,0.8525862068965517,0.8520710059171598
114,148405616640.0,146867961856.0,0.8556573845611561,0.8525862068965517,0.8520710059171598
115,145280237568.0,147711655936.0,0.8558336270708495,0.8525862068965517,0.8524936601859678
116,141746470912.0,150995533824.0,0.8557455058160028,0.8525862068965517,0.8524936601859678
117,138257416192.0,154240434176.0,0.8555692633063094,0.8525862068965517,0.8524936601859678
118,136642494464.0,148818460672.0,0.8556573845611561,0.8525862068965517,0.8524936601859678
119,132958887936.0,137336684544.0,0.8559217483256961,0.8525862068965517,0.8524936601859678
120,130475311104.0,130239242240.0,0.8560098695805428,0.8525862068965517,0.8524936601859678
121,128532406272.0,127079251968.0,0.8559217483256961,0.8525862068965517,0.8524936601859678
122,126047076352.0,127402926080.0,0.8559217483256961,0.8525862068965517,0.8524936601859678
123,122997006336.0,130956509184.0,0.8559217483256961,0.8525862068965517,0.8524936601859678
124,119424270336.0,140364906496.0,0.8554811420514629,0.8512931034482759,0.8524936601859678
125,119727087616.0,134161874944.0,0.8553048995417695,0.8517241379310345,0.8524936601859678
126,116419641344.0,118258434048.0,0.8556573845611561,0.8525862068965517,0.8524936601859678
127,113091608576.0,108396593152.0,0.8553048995417695,0.8525862068965517,0.852916314454776
128,112056098816.0,102717743104.0,0.8553930207966162,0.8525862068965517,0.852916314454776
129,110446821376.0,101905932288.0,0.8552167782869228,0.8525862068965517,0.852916314454776
130,107771854848.0,104318541824.0,0.8553048995417695,0.8525862068965517,0.8524936601859678
131,104881823744.0,109418930176.0,0.8552167782869228,0.8525862068965517,0.8520710059171598
132,101777342464.0,110459379712.0,0.8548642932675361,0.8525862068965517,0.8520710059171598
133,100677173248.0,102547390464.0,0.8552167782869228,0.8525862068965517,0.8520710059171598
134,97889722368.0,97794932736.0,0.8552167782869228,0.8525862068965517,0.8524936601859678
135,96238460928.0,96255361024.0,0.8551286570320762,0.8521551724137931,0.852916314454776
136,94315929600.0,97419419648.0,0.8547761720126894,0.8521551724137931,0.8516483516483516
137,92703932416.0,94267318272.0,0.8546880507578428,0.8517241379310345,0.8516483516483516
138,90769514496.0,90143801344.0,0.8545999295029961,0.8512931034482759,0.8524936601859678
139,89137184768.0,89018335232.0,0.8546880507578428,0.8521551724137931,0.8524936601859678
140,87442055168.0,87637245952.0,0.8545999295029961,0.8521551724137931,0.8520710059171598
141,85820112896.0,85977210880.0,0.8546880507578428,0.8521551724137931,0.8520710059171598
142,84222443520.0,84081958912.0,0.8548642932675361,0.8525862068965517,0.8520710059171598
143,82687041536.0,81987633152.0,0.8551286570320762,0.8525862068965517,0.8520710059171598
144,81169571840.0,79693496320.0,0.8550405357772295,0.8525862068965517,0.8520710059171598
145,79712690176.0,80285261824.0,0.8551286570320762,0.8521551724137931,0.8520710059171598
146,78390484992.0,78017470464.0,0.8551286570320762,0.8521551724137931,0.8520710059171598
147,76892930048.0,73220644864.0,0.8553048995417695,0.8521551724137931,0.8520710059171598
148,75608481792.0,71384694784.0,0.8554811420514629,0.8521551724137931,0.8520710059171598
149,74223075328.0,72249942016.0,0.8553930207966162,0.8525862068965517,0.8516483516483516
150,72777744384.0,70185549824.0,0.8553048995417695,0.8525862068965517,0.8516483516483516
151,71377510400.0,65593933824.0,0.8555692633063094,0.8525862068965517,0.8520710059171598
152,70264659968.0,64149897216.0,0.8554811420514629,0.8525862068965517,0.8516483516483516
153,68944355328.0,65423605760.0,0.8553048995417695,0.8525862068965517,0.8512256973795436
154,67366969344.0,64731844608.0,0.8551286570320762,0.8525862068965517,0.8512256973795436
155,66145116160.0,62306328576.0,0.8551286570320762,0.8530172413793103,0.8512256973795436
156,64843018240.0,62100262912.0,0.8549524145223828,0.8530172413793103,0.8512256973795436
157,63490023424.0,62818508800.0,0.8548642932675361,0.8517241379310345,0.8512256973795436
158,62391349248.0,61515079680.0,0.8548642932675361,0.8512931034482759,0.8512256973795436
159,61049757696.0,58515861504.0,0.8548642932675361,0.8521551724137931,0.8512256973795436
160,60022095872.0,58200178688.0,0.8549524145223828,0.8525862068965517,0.8512256973795436
161,58804658176.0,61393641472.0,0.8546880507578428,0.8525862068965517,0.8512256973795436
162,57842712576.0,58891571200.0,0.8548642932675361,0.8525862068965517,0.8516483516483516
163,56521736192.0,52409450496.0,0.8551286570320762,0.8525862068965517,0.8520710059171598
164,56037638144.0,50481147904.0,0.8550405357772295,0.8530172413793103,0.8520710059171598
165,55188643840.0,51539353600.0,0.8551286570320762,0.8525862068965517,0.8516483516483516
166,53652639744.0,55398076416.0,0.8551286570320762,0.8517241379310345,0.8520710059171598
167,52795355136.0,54727663616.0,0.8551286570320762,0.8517241379310345,0.8516483516483516
168,51912134656.0,49250230272.0,0.8550405357772295,0.8521551724137931,0.8520710059171598
169,50765619200.0,46757777408.0,0.8553930207966162,0.8530172413793103,0.8520710059171598
170,49962180608.0,46840807424.0,0.8553930207966162,0.8530172413793103,0.8516483516483516
171,48925630464.0,48943857664.0,0.8552167782869228,0.8521551724137931,0.8508030431107354
172,47994454016.0,50205065216.0,0.8551286570320762,0.8521551724137931,0.8508030431107354
173,47437463552.0,44007886848.0,0.8553048995417695,0.8530172413793103,0.8512256973795436
174,46370914304.0,41982967808.0,0.8551286570320762,0.8530172413793103,0.8508030431107354
175,45804560384.0,43481071616.0,0.8545118082481494,0.8521551724137931,0.8508030431107354
176,44709744640.0,43980406784.0,0.8543355657384561,0.8521551724137931,0.8512256973795436
177,44089868288.0,40116789248.0,0.8545118082481494,0.8525862068965517,0.8508030431107354
178,43249725440.0,39120683008.0,0.8542474444836095,0.8525862068965517,0.8508030431107354
179,42495864832.0,39557652480.0,0.8544236869933027,0.8521551724137931,0.8508030431107354
180,41802678272.0,37020200960.0,0.8543355657384561,0.8517241379310345,0.8508030431107354
181,41007243264.0,36015538176.0,0.8545118082481494,0.8517241379310345,0.8508030431107354
182,40270757888.0,36508315648.0,0.8544236869933027,0.8517241379310345,0.8508030431107354
183,39803740160.0,33975146496.0,0.8545999295029961,0.8517241379310345,0.8508030431107354
184,38983561216.0,33815332864.0,0.8543355657384561,0.8521551724137931,0.8503803888419273
185,38385061888.0,31294273536.0,0.8544236869933027,0.8530172413793103,0.8499577345731192
186,38125563904.0,31137048576.0,0.8544236869933027,0.8530172413793103,0.849535080304311
187,37329162240.0,33456574464.0,0.8542474444836095,0.8525862068965517,0.849535080304311
188,36934397952.0,32236531712.0,0.8543355657384561,0.8525862068965517,0.849535080304311
189,36268572672.0,29006596096.0,0.8545118082481494,0.8530172413793103,0.849535080304311
190,35765891072.0,28610562048.0,0.8544236869933027,0.8525862068965517,0.849535080304311
191,35182018560.0,31149385728.0,0.8544236869933027,0.8521551724137931,0.8499577345731192
192,34719608832.0,30614943744.0,0.8544236869933027,0.8521551724137931,0.8499577345731192
193,34180966400.0,28373159936.0,0.8545999295029961,0.8521551724137931,0.8499577345731192
194,33514166272.0,26778978304.0,0.8545999295029961,0.8521551724137931,0.8499577345731192
195,33340905472.0,27286697984.0,0.8546880507578428,0.8521551724137931,0.8499577345731192
196,32618178560.0,29031890944.0,0.8545999295029961,0.8517241379310345,0.849535080304311
197,32515250176.0,28190416896.0,0.8545118082481494,0.8512931034482759,0.849112426035503
198,31935072256.0,25259409408.0,0.8546880507578428,0.8517241379310345,0.849112426035503
199,31301687296.0,24258691072.0,0.8546880507578428,0.8517241379310345,0.849112426035503
200,31057258496.0,24832468992.0,0.8548642932675361,0.8517241379310345,0.849535080304311
201,30366666752.0,25217370112.0,0.8547761720126894,0.8517241379310345,0.849535080304311
202,30085947392.0,24584126464.0,0.8546880507578428,0.8517241379310345,0.849535080304311
203,29673185280.0,23058100224.0,0.8545999295029961,0.8512931034482759,0.849535080304311
204,29248491520.0,22823378944.0,0.8543355657384561,0.8512931034482759,0.849535080304311
205,28864462848.0,23785256960.0,0.8540712019739161,0.8512931034482759,0.849112426035503
206,28723439616.0,23256985600.0,0.8541593232287628,0.8512931034482759,0.849112426035503
207,28357357568.0,21587349504.0,0.8540712019739161,0.8512931034482759,0.849112426035503
208,27848425472.0,21501519872.0,0.8540712019739161,0.8512931034482759,0.8486897717666948
209,27527354368.0,21046183936.0,0.8540712019739161,0.8512931034482759,0.8482671174978867
210,27187226624.0,20260036608.0,0.8539830807190695,0.8508620689655172,0.8482671174978867
211,26931576832.0,20990877696.0,0.8536305956996828,0.8508620689655172,0.8478444632290786
212,26844493824.0,20203053056.0,0.8538949594642228,0.8508620689655172,0.8478444632290786
213,26488201216.0,18473996288.0,0.8536305956996828,0.8504310344827586,0.8478444632290786
214,26305869824.0,17786990592.0,0.8531018681706027,0.85,0.8469991546914624
215,26027966464.0,18719940608.0,0.8529256256609095,0.85,0.8469991546914624
216,25557862400.0,18558775296.0,0.8527493831512161,0.8495689655172414,0.8461538461538461
217,25316560896.0,16988400640.0,0.8524850193866761,0.8491379310344828,0.8461538461538461
218,25057343488.0,17071985664.0,0.8522206556221361,0.8491379310344828,0.8453085376162299
219,24809220096.0,16798993408.0,0.8522206556221361,0.8491379310344828,0.8448858833474218
220,24604762112.0,16215174144.0,0.851956291857596,0.8487068965517242,0.8444632290786137
221,24370726912.0,16481491968.0,0.851691928093056,0.8474137931034482,0.8444632290786137
222,24164585472.0,16382287872.0,0.8515156855833627,0.8461206896551724,0.8444632290786137
223,23927427072.0,15936565248.0,0.8513394430736694,0.846551724137931,0.8440405748098055
224,23649277952.0,15501417472.0,0.8510750793091294,0.8461206896551724,0.8444632290786137
225,23482087424.0,16995943424.0,0.8503701092703561,0.8452586206896552,0.8431952662721893
226,23341158400.0,16367751168.0,0.850634473034896,0.8452586206896552,0.8431952662721893
227,23027050496.0,14262661120.0,0.850634473034896,0.8461206896551724,0.8427726120033813
228,22886238208.0,14090541056.0,0.8504582305252026,0.8469827586206896,0.8427726120033813
229,22519171072.0,14852637696.0,0.8508107155445893,0.846551724137931,0.8427726120033813
230,22360131584.0,14934555648.0,0.8512513218188227,0.846551724137931,0.8444632290786137
231,22150455296.0,13718148096.0,0.8515156855833627,0.846551724137931,0.8448858833474218
232,21838469120.0,12150968320.0,0.851956291857596,0.846551724137931,0.8457311918850381
233,21700491264.0,11679935488.0,0.8520444131124427,0.846551724137931,0.8457311918850381
234,21592604672.0,12869769216.0,0.851956291857596,0.846551724137931,0.8461538461538461
235,21291466752.0,13181617152.0,0.8523968981318294,0.846551724137931,0.8465765004226543
236,21190062080.0,12269184000.0,0.8523087768769827,0.846551724137931,0.8465765004226543
237,20903757824.0,11348655104.0,0.8522206556221361,0.8478448275862069,0.8474218089602705
238,20851126272.0,11724764160.0,0.8522206556221361,0.8474137931034482,0.8474218089602705
239,20502982656.0,12245360640.0,0.8521325343672894,0.8474137931034482,0.8474218089602705
240,20376457216.0,11766822912.0,0.8523087768769827,0.8478448275862069,0.8478444632290786
241,20117592064.0,11163662336.0,0.8525731406415228,0.8478448275862069,0.8478444632290786
242,19908837376.0,10774044672.0,0.8525731406415228,0.8478448275862069,0.8478444632290786
243,19713783808.0,10607033344.0,0.8525731406415228,0.8478448275862069,0.8482671174978867
244,19493744640.0,10672409600.0,0.8521325343672894,0.8482758620689655,0.8482671174978867
245,19312230400.0,10422487040.0,0.8518681706027493,0.8482758620689655,0.8482671174978867
246,19106902016.0,10015505408.0,0.8516038068382094,0.8487068965517242,0.8478444632290786
247,19140646912.0,9990472704.0,0.851956291857596,0.8487068965517242,0.8482671174978867
248,18751537152.0,11430316032.0,0.851691928093056,0.8482758620689655,0.8478444632290786
249,19047122944.0,11291741184.0,0.8523087768769827,0.8482758620689655,0.8478444632290786
250,18670217216.0,9664343040.0,0.8523087768769827,0.8491379310344828,0.8478444632290786
251,18362368000.0,9469484032.0,0.8523968981318294,0.8495689655172414,0.8478444632290786
252,18305280000.0,10230304768.0,0.8524850193866761,0.8491379310344828,0.8482671174978867
253,17980389376.0,10613178368.0,0.8525731406415228,0.8491379310344828,0.8482671174978867
254,18060621824.0,10129446912.0,0.8524850193866761,0.8491379310344828,0.8482671174978867
255,17828964352.0,9333859328.0,0.8525731406415228,0.8491379310344828,0.8478444632290786
256,17685475328.0,8742245376.0,0.8523087768769827,0.8491379310344828,0.8478444632290786
257,17768110080.0,9448456192.0,0.8521325343672894,0.8491379310344828,0.8474218089602705
258,17415378944.0,10123492352.0,0.8518681706027493,0.8478448275862069,0.8465765004226543
259,17300582400.0,10337541120.0,0.8516038068382094,0.8482758620689655,0.8461538461538461
260,17155556352.0,10132244480.0,0.8515156855833627,0.8482758620689655,0.8457311918850381
261,16942709760.0,9848390656.0,0.851163200563976,0.8478448275862069,0.8461538461538461
262,16769820672.0,9491582976.0,0.8503701092703561,0.8478448275862069,0.8457311918850381
263,16612395008.0,9388829696.0,0.8501938667606627,0.8478448275862069,0.8457311918850381
264,16469738496.0,9906921472.0,0.8505463517800493,0.8487068965517242,0.8461538461538461
265,16358039552.0,9735802880.0,0.8507225942897427,0.8495689655172414,0.8461538461538461
266,16104054784.0,8863877120.0,0.8514275643285161,0.85,0.8469991546914624
267,15972988928.0,8302337536.0,0.8514275643285161,0.8504310344827586,0.8469991546914624
268,15859935232.0,8954938368.0,0.851691928093056,0.8512931034482759,0.8482671174978867
269,15787354112.0,9138231296.0,0.8523087768769827,0.8517241379310345,0.8482671174978867
270,15713938432.0,8648850432.0,0.8524850193866761,0.8512931034482759,0.8478444632290786
271,15625161728.0,7555582464.0,0.8524850193866761,0.8517241379310345,0.8478444632290786
272,15454225408.0,7121325056.0,0.8524850193866761,0.8521551724137931,0.8478444632290786
273,15648242688.0,7040486912.0,0.8522206556221361,0.8517241379310345,0.8478444632290786
274,15275241472.0,7280832512.0,0.8523087768769827,0.8508620689655172,0.8478444632290786
275,15197549568.0,7519280640.0,0.8521325343672894,0.8508620689655172,0.8469991546914624
276,15088137216.0,7462822400.0,0.8521325343672894,0.8508620689655172,0.8465765004226543
277,14943716352.0,7085218816.0,0.8516038068382094,0.8512931034482759,0.8465765004226543
278,14733406208.0,6893839872.0,0.851691928093056,0.8517241379310345,0.8469991546914624
279,14590521344.0,6877767680.0,0.8515156855833627,0.8512931034482759,0.8469991546914624
280,14501510144.0,7056704512.0,0.8515156855833627,0.8504310344827586,0.8465765004226543
281,14334849024.0,7725966848.0,0.8513394430736694,0.8491379310344828,0.8469991546914624
282,14223332352.0,9712081920.0,0.851163200563976,0.8491379310344828,0.8469991546914624
283,14264260608.0,7868680704.0,0.8517800493479027,0.85,0.8465765004226543
284,14058091520.0,6415725568.0,0.8520444131124427,0.8508620689655172,0.8461538461538461
285,14017553408.0,6148801536.0,0.8521325343672894,0.8512931034482759,0.8461538461538461
286,13873975296.0,6662301696.0,0.8517800493479027,0.85,0.8457311918850381
287,13856864256.0,7340919808.0,0.8515156855833627,0.8487068965517242,0.8457311918850381
288,13892338688.0,7563274752.0,0.8510750793091294,0.8482758620689655,0.8461538461538461
289,13890534400.0,6182652416.0,0.8509869580542827,0.8482758620689655,0.8461538461538461
290,13710297088.0,5704380928.0,0.8507225942897427,0.8491379310344828,0.8465765004226543
291,13838124032.0,5756122624.0,0.8502819880155094,0.8478448275862069,0.8469991546914624
292,13743007744.0,5896623616.0,0.849577017976736,0.8478448275862069,0.8469991546914624
293,13361887232.0,6582586880.0,0.849048290447656,0.8461206896551724,0.8461538461538461
294,13253647360.0,7242844672.0,0.848519562918576,0.8469827586206896,0.8453085376162299
295,13151831040.0,8826766336.0,0.8482551991540359,0.846551724137931,0.8448858833474218
296,13182663680.0,6940717056.0,0.8500176242509694,0.8478448275862069,0.8461538461538461
297,12850688000.0,6398375936.0,0.8505463517800493,0.8482758620689655,0.8461538461538461
298,12872095744.0,7330889728.0,0.8509869580542827,0.8495689655172414,0.8465765004226543
299,12659445760.0,9606029312.0,0.8509869580542827,0.8495689655172414,0.8461538461538461
300,12647331840.0,9393789952.0,0.8515156855833627,0.8495689655172414,0.8461538461538461
301,12461246464.0,8326543360.0,0.8514275643285161,0.85,0.8461538461538461
302,12408546304.0,6267072000.0,0.8517800493479027,0.8508620689655172,0.8469991546914624
303,12373724160.0,5485516288.0,0.8516038068382094,0.8517241379310345,0.8457311918850381
304,12357874688.0,5445416448.0,0.8514275643285161,0.8517241379310345,0.8461538461538461
305,12327841792.0,5426651648.0,0.8515156855833627,0.8517241379310345,0.8461538461538461
306,12259916800.0,5983718912.0,0.8517800493479027,0.8512931034482759,0.8465765004226543
307,12111891456.0,7786524672.0,0.8517800493479027,0.8504310344827586,0.8461538461538461
308,11997435904.0,9905629184.0,0.8515156855833627,0.85,0.8453085376162299
309,12105023488.0,8862106624.0,0.8516038068382094,0.8495689655172414,0.8448858833474218
310,11847363584.0,6757409280.0,0.851691928093056,0.8504310344827586,0.8453085376162299
311,11697165312.0,5402932736.0,0.8515156855833627,0.8504310344827586,0.8457311918850381
312,11689409536.0,5466196992.0,0.8515156855833627,0.8504310344827586,0.8453085376162299
313,11513583616.0,5726125056.0,0.8514275643285161,0.8504310344827586,0.8453085376162299
314,11427741696.0,6264892416.0,0.8513394430736694,0.8504310344827586,0.8453085376162299
315,11343990784.0,7080906240.0,0.8516038068382094,0.8504310344827586,0.8453085376162299
316,11268815872.0,7668470272.0,0.8515156855833627,0.8504310344827586,0.8453085376162299
317,11183663104.0,8081063424.0,0.8515156855833627,0.8504310344827586,0.8453085376162299
318,11084272640.0,8646363136.0,0.8515156855833627,0.8508620689655172,0.8453085376162299
319,10977273856.0,9045176320.0,0.8516038068382094,0.8512931034482759,0.8453085376162299
320,10859993088.0,9304573952.0,0.851691928093056,0.8512931034482759,0.8448858833474218
321,10732666880.0,9731247104.0,0.851956291857596,0.8512931034482759,0.8448858833474218
322,10609208320.0,10018292736.0,0.8518681706027493,0.8517241379310345,0.8461538461538461
323,10496451584.0,8243367424.0,0.8516038068382094,0.8517241379310345,0.8457311918850381
324,10554688512.0,8167515648.0,0.851691928093056,0.8504310344827586,0.8453085376162299
325,10478811136.0,8776061952.0,0.8509869580542827,0.8491379310344828,0.8444632290786137
326,10487292928.0,8377852928.0,0.850898836799436,0.8482758620689655,0.8444632290786137
327,10399700992.0,8147814400.0,0.8508107155445893,0.8487068965517242,0.8444632290786137
328,10248804352.0,8062428672.0,0.851163200563976,0.8495689655172414,0.8444632290786137
329,10191455232.0,9765562368.0,0.850898836799436,0.8491379310344828,0.8444632290786137
330,10268097536.0,9705004032.0,0.850634473034896,0.8491379310344828,0.8444632290786137
331,10130282496.0,8227809792.0,0.8505463517800493,0.85,0.8448858833474218
332,10045402112.0,8441544704.0,0.8505463517800493,0.8491379310344828,0.8448858833474218
333,9892902912.0,9043130368.0,0.8503701092703561,0.8491379310344828,0.8444632290786137
334,9832814592.0,9807027200.0,0.8499295029961227,0.8491379310344828,0.8431952662721893
335,9780790272.0,9962310656.0,0.8497532604864293,0.8487068965517242,0.8431952662721893
336,9694019584.0,9389468672.0,0.849841381741276,0.8491379310344828,0.8427726120033813
337,9581459456.0,9222987776.0,0.8499295029961227,0.8491379310344828,0.8431952662721893
338,9473089536.0,9308346368.0,0.849841381741276,0.8491379310344828,0.8436179205409975
339,9373726720.0,10226387968.0,0.849577017976736,0.8482758620689655,0.8427726120033813
340,9473753088.0,7845262336.0,0.849577017976736,0.8487068965517242,0.8427726120033813
341,9179889664.0,6420762112.0,0.8496651392315827,0.8482758620689655,0.8436179205409975
342,9149526016.0,5681791488.0,0.849841381741276,0.8482758620689655,0.8436179205409975
343,9092578304.0,5411208704.0,0.8496651392315827,0.8478448275862069,0.8440405748098055
344,9042552832.0,5525780992.0,0.849577017976736,0.8478448275862069,0.8440405748098055
345,8945680384.0,5959300608.0,0.849577017976736,0.8474137931034482,0.8440405748098055
346,8839469056.0,6757318144.0,0.849841381741276,0.8469827586206896,0.8440405748098055
347,8729015296.0,7782948864.0,0.849841381741276,0.8469827586206896,0.8444632290786137
348,8641935360.0,5869763584.0,0.8501938667606627,0.8469827586206896,0.8444632290786137
349,8755161088.0,5908169728.0,0.8497532604864293,0.8469827586206896,0.8444632290786137
350,8563070976.0,8878631936.0,0.8499295029961227,0.8452586206896552,0.8448858833474218
351,8651266048.0,11569074176.0,0.8489601691928093,0.844396551724138,0.8448858833474218
352,8854002688.0,6120631808.0,0.8500176242509694,0.8487068965517242,0.8444632290786137
353,8526248448.0,5512162816.0,0.8502819880155094,0.85,0.8440405748098055
354,9023640576.0,6677067776.0,0.8504582305252026,0.85,0.8440405748098055
355,8605559808.0,9433496576.0,0.8507225942897427,0.85,0.8444632290786137
356,8228727808.0,15165180928.0,0.849577017976736,0.846551724137931,0.8448858833474218
357,9906819072.0,3293953792.0,0.8493126542121959,0.8512931034482759,0.8444632290786137
358,9014009856.0,3244346880.0,0.8484314416637293,0.8487068965517242,0.8444632290786137
359,10547172352.0,3302269440.0,0.8480789566443426,0.8482758620689655,0.8431952662721893
360,10779976704.0,3466305024.0,0.8484314416637293,0.8469827586206896,0.8427726120033813
361,9999543296.0,7075322368.0,0.8480789566443426,0.8456896551724138,0.8427726120033813
362,10557339648.0,6800071680.0,0.8479027141346492,0.8448275862068966,0.8431952662721893
363,10049880064.0,3435394048.0,0.8480789566443426,0.8461206896551724,0.8423499577345731
364,9559414784.0,3364067328.0,0.8479908353894959,0.8461206896551724,0.8423499577345731
365,10174218240.0,3372252672.0,0.8478145928798027,0.844396551724138,0.841927303465765
366,10195872768.0,3472576000.0,0.8461402890377159,0.8422413793103448,0.8398140321217245
367,9564702720.0,4585413120.0,0.8449947127247092,0.8370689655172414,0.8398140321217245
368,9172718592.0,8689491968.0,0.8433204088826225,0.834051724137931,0.8364327979712595
369,9899133952.0,7233800704.0,0.8433204088826225,0.8336206896551724,0.8364327979712595
370,9487798272.0,3721009664.0,0.8439372576665491,0.8362068965517241,0.8389687235841082
371,8907105280.0,3705107456.0,0.8453471977440958,0.840948275862069,0.8402366863905325
372,9207453696.0,3720427776.0,0.8461402890377159,0.8422413793103448,0.8415046491969569
373,9312453632.0,3728379392.0,0.8464927740571025,0.8426724137931034,0.8402366863905325
374,8868983808.0,3737059328.0,0.8465808953119492,0.8422413793103448,0.8402366863905325
375,8485578752.0,4963229184.0,0.8462284102925626,0.840948275862069,0.8402366863905325
376,8829218816.0,5972831744.0,0.8461402890377159,0.8413793103448276,0.8398140321217245
377,9004284928.0,4124400128.0,0.8478145928798027,0.8435344827586206,0.8406593406593407
378,8372311040.0,3703773440.0,0.848519562918576,0.8439655172413794,0.8415046491969569
379,8117429248.0,3697916672.0,0.8476383503701093,0.8456896551724138,0.8423499577345731
380,8600801280.0,3646979328.0,0.8473739866055693,0.8456896551724138,0.8415046491969569
381,8539294720.0,3543707392.0,0.8479027141346492,0.8456896551724138,0.8415046491969569
382,7913530880.0,3960293120.0,0.8481670778991893,0.8439655172413794,0.8415046491969569
383,7753424384.0,5571571712.0,0.8472858653507226,0.8422413793103448,0.8406593406593407
384,8218269184.0,4297900032.0,0.8478145928798027,0.8435344827586206,0.8406593406593407
385,7615653888.0,3284492544.0,0.8480789566443426,0.8448275862068966,0.8423499577345731
386,7328956416.0,3269558784.0,0.8479027141346492,0.8448275862068966,0.841927303465765
387,7752436736.0,3224963328.0,0.8479027141346492,0.8448275862068966,0.8415046491969569
388,7556222976.0,3384685824.0,0.8472858653507226,0.8435344827586206,0.8415046491969569
389,7343188480.0,6088327168.0,0.8464046528022559,0.8418103448275862,0.8415046491969569
390,7344360960.0,5742394880.0,0.8464927740571025,0.8418103448275862,0.8406593406593407
391,7212590592.0,3143001600.0,0.8472858653507226,0.8435344827586206,0.8415046491969569
392,7084587008.0,3167284992.0,0.8470215015861826,0.8439655172413794,0.8410819949281487
393,7569155072.0,3167489024.0,0.8471977440958759,0.8435344827586206,0.8410819949281487
394,7591000064.0,3143325184.0,0.8472858653507226,0.8435344827586206,0.8410819949281487
395,7129510912.0,4597490176.0,0.8473739866055693,0.8422413793103448,0.8402366863905325
396,6924533248.0,7782125056.0,0.8460521677828692,0.8400862068965518,0.8393913778529163
397,7507217408.0,3797717760.0,0.8475502291152626,0.8426724137931034,0.8410819949281487
398,6813701632.0,3159387904.0,0.8479027141346492,0.8448275862068966,0.841927303465765
399,7106350080.0,3071171328.0,0.8465808953119492,0.844396551724138,0.841927303465765
400,6936698880.0,2969430016.0,0.8464927740571025,0.843103448275862,0.8415046491969569
401,6812006400.0,3157269248.0,0.8465808953119492,0.8426724137931034,0.8406593406593407
402,6884118528.0,3430585088.0,0.8460521677828692,0.8422413793103448,0.8406593406593407
403,6926863360.0,2889980416.0,0.8461402890377159,0.8426724137931034,0.8402366863905325
404,6806967808.0,2873644032.0,0.8458759252731759,0.8426724137931034,0.8402366863905325
405,6770896384.0,2854418432.0,0.8458759252731759,0.843103448275862,0.8402366863905325
406,6725194752.0,2842242816.0,0.8461402890377159,0.8435344827586206,0.8406593406593407
407,6767119872.0,2867076352.0,0.8456996827634825,0.8426724137931034,0.8402366863905325
408,6642328576.0,3559603200.0,0.8457878040183292,0.8418103448275862,0.8406593406593407
409,6636033536.0,3592266240.0,0.8461402890377159,0.8422413793103448,0.8402366863905325
410,6562189824.0,2847382016.0,0.8470215015861826,0.8439655172413794,0.8427726120033813
411,6634349568.0,2810926848.0,0.8475502291152626,0.8448275862068966,0.8427726120033813
412,6678742528.0,2796303872.0,0.8480789566443426,0.8448275862068966,0.8436179205409975
413,6462465024.0,3863120640.0,0.8483433204088826,0.8448275862068966,0.8440405748098055
414,6428605440.0,5592990720.0,0.8481670778991893,0.844396551724138,0.8436179205409975
415,6645964800.0,5115358208.0,0.8481670778991893,0.844396551724138,0.8440405748098055
416,6520599040.0,3112054528.0,0.8483433204088826,0.846551724137931,0.8453085376162299
417,6396674560.0,2790828544.0,0.8484314416637293,0.8487068965517242,0.8457311918850381
418,6671636992.0,2795171840.0,0.848519562918576,0.8487068965517242,0.8461538461538461
419,6638217216.0,3238026496.0,0.8486076841734226,0.8478448275862069,0.8457311918850381
420,6312873984.0,5120171520.0,0.848519562918576,0.846551724137931,0.8457311918850381
421,6287856128.0,6989848576.0,0.8478145928798027,0.8461206896551724,0.8444632290786137
422,6731572736.0,3842104064.0,0.8486076841734226,0.846551724137931,0.8453085376162299
423,6157212160.0,2819691008.0,0.8486076841734226,0.8478448275862069,0.8461538461538461
424,6211431424.0,2825031936.0,0.848519562918576,0.8474137931034482,0.8461538461538461
425,6182309888.0,2827880704.0,0.8484314416637293,0.8469827586206896,0.8448858833474218
426,6078006784.0,2936127488.0,0.8479908353894959,0.846551724137931,0.8448858833474218
427,6087823872.0,3528609792.0,0.8475502291152626,0.8461206896551724,0.8444632290786137
428,6041335296.0,2999722496.0,0.8469333803313359,0.8452586206896552,0.8440405748098055
429,5962478592.0,2858326528.0,0.8454353189989425,0.8452586206896552,0.8436179205409975
430,5992935424.0,2862705664.0,0.8452590764892493,0.8452586206896552,0.8431952662721893
431,6090589184.0,2862948096.0,0.8449065914698626,0.843103448275862,0.8431952662721893
432,6023488000.0,3241090816.0,0.8447303489601692,0.8400862068965518,0.8427726120033813
433,6011190784.0,3725483520.0,0.8449947127247092,0.8396551724137931,0.8415046491969569
434,5989838848.0,4035692032.0,0.8453471977440958,0.8387931034482758,0.8415046491969569
435,5952728064.0,4199108096.0,0.8456115615086359,0.8387931034482758,0.841927303465765
436,5903397376.0,4226057216.0,0.8456115615086359,0.840948275862069,0.8423499577345731
437,5844958720.0,4087341056.0,0.8463165315474093,0.843103448275862,0.8431952662721893
438,5780207616.0,3773070592.0,0.8469333803313359,0.8456896551724138,0.8436179205409975
439,5713480704.0,3303877376.0,0.8475502291152626,0.8461206896551724,0.8448858833474218
440,5649567232.0,2763845376.0,0.847462107860416,0.8461206896551724,0.8453085376162299
441,5639440896.0,3529557504.0,0.8481670778991893,0.8461206896551724,0.8453085376162299
442,5607574016.0,4038130432.0,0.8484314416637293,0.8461206896551724,0.8453085376162299
443,5607500800.0,4327735296.0,0.8486958054282693,0.8456896551724138,0.8453085376162299
444,5596023296.0,4097364992.0,0.849048290447656,0.8469827586206896,0.8453085376162299
445,5560617984.0,3705543936.0,0.8486076841734226,0.8478448275862069,0.8457311918850381
446,5507150848.0,3221207808.0,0.8480789566443426,0.8478448275862069,0.8457311918850381
447,5546964992.0,2761721600.0,0.8471977440958759,0.8474137931034482,0.8453085376162299
448,5504871424.0,3763539968.0,0.847462107860416,0.8461206896551724,0.8453085376162299
449,5455540736.0,4515127296.0,0.8472858653507226,0.8461206896551724,0.8457311918850381
450,5472545280.0,5013612032.0,0.8470215015861826,0.8456896551724138,0.8440405748098055
451,5507336704.0,4227561472.0,0.8471096228410293,0.8461206896551724,0.8431952662721893
452,5429339648.0,3335206912.0,0.8466690165667959,0.8461206896551724,0.8427726120033813
453,5379891200.0,2597864960.0,0.8464046528022559,0.846551724137931,0.8427726120033813
454,5332601856.0,3574899200.0,0.8466690165667959,0.8448275862068966,0.8431952662721893
455,5550976512.0,4663792640.0,0.8464046528022559,0.843103448275862,0.8427726120033813
456,5344997888.0,5504477184.0,0.8461402890377159,0.8418103448275862,0.8423499577345731
457,5445852672.0,4568960000.0,0.8459640465280226,0.8418103448275862,0.8431952662721893
458,5361929216.0,3449474560.0,0.8459640465280226,0.8426724137931034,0.8423499577345731
459,5312315904.0,2502762496.0,0.8455234402537892,0.8435344827586206,0.841927303465765
460,5599365120.0,2945867264.0,0.8455234402537892,0.8426724137931034,0.8423499577345731
461,5344049152.0,5164250624.0,0.8456996827634825,0.843103448275862,0.8427726120033813
462,5323086336.0,6915220992.0,0.8449947127247092,0.8413793103448276,0.841927303465765
463,5724881408.0,4794234368.0,0.8449947127247092,0.8413793103448276,0.8423499577345731
464,5194296832.0,3326873088.0,0.8449947127247092,0.840948275862069,0.8423499577345731
465,5513918464.0,3451322624.0,0.8452590764892493,0.8405172413793104,0.8427726120033813
466,5630242816.0,3141616128.0,0.8448184702150159,0.8418103448275862,0.8427726120033813
467,5186722304.0,4291721216.0,0.8450828339795559,0.8422413793103448,0.8431952662721893
468,5166544384.0,5795301376.0,0.8451709552344026,0.8418103448275862,0.8427726120033813
469,5414225408.0,4394820608.0,0.8455234402537892,0.8418103448275862,0.8436179205409975
470,5208615936.0,3107057408.0,0.8459640465280226,0.8422413793103448,0.8436179205409975
471,5175356416.0,2485953024.0,0.8455234402537892,0.8439655172413794,0.8440405748098055
472,5441021952.0,2495312640.0,0.8460521677828692,0.843103448275862,0.8440405748098055
473,5262165504.0,4357304320.0,0.8459640465280226,0.843103448275862,0.8431952662721893
474,5117139456.0,6212694528.0,0.8457878040183292,0.840948275862069,0.8427726120033813
475,5379944960.0,4220948736.0,0.8467571378216425,0.8426724137931034,0.8431952662721893
476,5018081280.0,3317922816.0,0.8460521677828692,0.844396551724138,0.8427726120033813
477,4979324928.0,4256915200.0,0.8459640465280226,0.8426724137931034,0.8427726120033813
478,5365942784.0,4866536448.0,0.8456996827634825,0.8400862068965518,0.8423499577345731
479,5043733504.0,7458840064.0,0.8440253789213958,0.8392241379310345,0.8393913778529163
480,5659002368.0,5408403968.0,0.8434085301374692,0.8400862068965518,0.8398140321217245
481,5330853888.0,3210288384.0,0.8440253789213958,0.8400862068965518,0.8402366863905325
482,5478214144.0,2639553536.0,0.8440253789213958,0.8387931034482758,0.8398140321217245
483,5561925632.0,3892766464.0,0.8440253789213958,0.8392241379310345,0.8393913778529163
484,5224653312.0,4861463552.0,0.8447303489601692,0.8387931034482758,0.8402366863905325
485,5261956096.0,5434294272.0,0.8447303489601692,0.8387931034482758,0.8398140321217245
486,5421201408.0,2942065408.0,0.8456115615086359,0.8405172413793104,0.8410819949281487
487,5215403520.0,2617624576.0,0.8464046528022559,0.8422413793103448,0.8406593406593407
488,5498642944.0,2625080064.0,0.8471977440958759,0.8439655172413794,0.8423499577345731
489,5290421760.0,3503507456.0,0.847726471624956,0.8448275862068966,0.841927303465765
490,5035125760.0,6194208768.0,0.8473739866055693,0.844396551724138,0.841927303465765
491,5801380352.0,2546673152.0,0.8484314416637293,0.8478448275862069,0.8410819949281487
492,4922391040.0,2538343680.0,0.8479908353894959,0.8474137931034482,0.8423499577345731
493,5611553280.0,2494192128.0,0.8470215015861826,0.8456896551724138,0.8410819949281487
494,5726840320.0,2379735296.0,0.8464927740571025,0.8452586206896552,0.8406593406593407
495,5143641088.0,4800621568.0,0.8453471977440958,0.8418103448275862,0.8402366863905325
496,4843253760.0,7997344768.0,0.8438491364117024,0.8379310344827586,0.8372781065088757
497,5758191104.0,5370217472.0,0.8437610151568559,0.8387931034482758,0.8368554522400676
498,4936454656.0,2252446464.0,0.8433204088826225,0.8400862068965518,0.8364327979712595
499,4799391744.0,2242464512.0,0.8430560451180825,0.8400862068965518,0.8360101437024514
500,5004925952.0,2400669696.0,0.8433204088826225,0.8383620689655172,0.8364327979712595
501,4720339968.0,3124373504.0,0.8432322876277758,0.8383620689655172,0.8364327979712595
502,4724366336.0,3591494144.0,0.8428798026083891,0.8387931034482758,0.8368554522400676
503,4716591616.0,3921646336.0,0.8433204088826225,0.8387931034482758,0.8377007607776839
504,4714272768.0,3827710976.0,0.8442016214310892,0.8387931034482758,0.8377007607776839
505,4690928128.0,3373385728.0,0.8456996827634825,0.840948275862069,0.8385460693153001
506,4644551680.0,2700197376.0,0.8465808953119492,0.843103448275862,0.8410819949281487
507,4597432320.0,2210506496.0,0.8473739866055693,0.8478448275862069,0.8402366863905325
508,4618035712.0,2485359104.0,0.8479908353894959,0.8474137931034482,0.8415046491969569
509,4557679616.0,2837498368.0,0.8486076841734226,0.8491379310344828,0.8410819949281487
510,4540143616.0,2959345152.0,0.849048290447656,0.8487068965517242,0.841927303465765
511,4534313984.0,2901854464.0,0.849048290447656,0.8487068965517242,0.841927303465765
512,4505722368.0,2644842752.0,0.848783926683116,0.8491379310344828,0.8423499577345731
513,4496697856.0,2319280384.0,0.8489601691928093,0.8487068965517242,0.8423499577345731
514,4452028928.0,2676925184.0,0.8486076841734226,0.8482758620689655,0.8423499577345731
515,4459465216.0,2113878656.0,0.8465808953119492,0.8456896551724138,0.8402366863905325
516,4543568384.0,3426416640.0,0.8448184702150159,0.8426724137931034,0.8406593406593407
517,4635227648.0,4305954816.0,0.8427916813535424,0.8370689655172414,0.8385460693153001
518,4845080576.0,3922690816.0,0.8409411350017624,0.834051724137931,0.8364327979712595
519,4858213888.0,2543277568.0,0.8395311949242157,0.8331896551724138,0.8355874894336432
520,4800091648.0,2156533760.0,0.8382093761015157,0.8318965517241379,0.8351648351648352
521,4937249280.0,2166261248.0,0.8375044060627423,0.8314655172413793,0.8338968723584108
522,4799803392.0,2165064704.0,0.838121254846669,0.8318965517241379,0.8338968723584108
523,4772853248.0,2458238720.0,0.8395311949242157,0.8318965517241379,0.8338968723584108
524,4733628928.0,2566528512.0,0.8404124074726824,0.8323275862068965,0.834742180896027
525,4740740608.0,2081049088.0,0.8413817412759957,0.8375,0.838123415046492
526,4594902016.0,2045598208.0,0.8427916813535424,0.8396551724137931,0.838123415046492
527,4547760128.0,2028505344.0,0.8450828339795559,0.8452586206896552,0.8385460693153001
528,4490704896.0,3638957056.0,0.8458759252731759,0.8456896551724138,0.8398140321217245
529,4403577856.0,5505115136.0,0.8459640465280226,0.8452586206896552,0.8402366863905325
530,4743218688.0,2689521664.0,0.8465808953119492,0.844396551724138,0.8410819949281487
531,4350003200.0,2289335296.0,0.8464927740571025,0.8456896551724138,0.8415046491969569
532,4446005760.0,3053590272.0,0.8469333803313359,0.8448275862068966,0.8410819949281487
533,4474638848.0,3899151104.0,0.8467571378216425,0.844396551724138,0.8410819949281487
534,4588318208.0,3906895104.0,0.8462284102925626,0.8422413793103448,0.8406593406593407
535,4583202816.0,2152835072.0,0.8456115615086359,0.8426724137931034,0.8415046491969569
536,4401575424.0,2175032832.0,0.8455234402537892,0.8418103448275862,0.8410819949281487
537,4554222592.0,2159829248.0,0.8449065914698626,0.840948275862069,0.8410819949281487
538,4231454720.0,2939432192.0,0.8444659851956292,0.8379310344827586,0.8393913778529163
539,4316877312.0,3883108352.0,0.8440253789213958,0.8370689655172414,0.8385460693153001
540,4734907392.0,2110474624.0,0.8442016214310892,0.8375,0.838123415046492
541,4226838272.0,2114736000.0,0.8435847726471625,0.8387931034482758,0.8377007607776839
542,4267645952.0,2122226560.0,0.8429679238632358,0.8383620689655172,0.8377007607776839
543,4590285312.0,2131355264.0,0.8430560451180825,0.8383620689655172,0.8372781065088757
544,4418799616.0,2149638400.0,0.8434085301374692,0.8379310344827586,0.8377007607776839
545,4310474752.0,3038967552.0,0.8427035600986958,0.8357758620689655,0.8385460693153001
546,4744359424.0,2526778112.0,0.8435847726471625,0.8379310344827586,0.8389687235841082
547,4549523968.0,2206843648.0,0.8454353189989425,0.8413793103448276,0.8398140321217245
548,4226868992.0,2197139456.0,0.8453471977440958,0.843103448275862,0.8410819949281487
549,4517681152.0,2163489792.0,0.8458759252731759,0.8439655172413794,0.8406593406593407
550,4414409728.0,3180618496.0,0.8461402890377159,0.8418103448275862,0.8406593406593407
551,4110757888.0,3247999232.0,0.8446422277053225,0.8375,0.8385460693153001
552,4141422848.0,4040437248.0,0.8429679238632358,0.8353448275862069,0.838123415046492
553,4403521536.0,1906675456.0,0.8420867113147691,0.8370689655172414,0.8402366863905325
554,4125087232.0,1872898304.0,0.8421748325696158,0.8392241379310345,0.8406593406593407
555,4402429440.0,1864215936.0,0.8423510750793092,0.8396551724137931,0.8406593406593407
556,4389848064.0,1873453184.0,0.8441135001762425,0.8379310344827586,0.8393913778529163
557,4053623808.0,2695258880.0,0.8442016214310892,0.8362068965517241,0.8393913778529163
558,4044136960.0,4005201408.0,0.8443778639407825,0.8379310344827586,0.8398140321217245
559,4081240064.0,3903817216.0,0.8445541064504759,0.8405172413793104,0.8389687235841082
560,4019924992.0,3165020672.0,0.8435847726471625,0.8396551724137931,0.8393913778529163
561,3920771584.0,2752001536.0,0.8440253789213958,0.8418103448275862,0.8402366863905325
562,3916693504.0,2757208832.0,0.8443778639407825,0.843103448275862,0.8402366863905325
563,3968668416.0,4207061248.0,0.8456115615086359,0.8426724137931034,0.8402366863905325
564,3890427648.0,5665388544.0,0.8450828339795559,0.8435344827586206,0.8402366863905325
565,4253817344.0,3294522112.0,0.8442016214310892,0.840948275862069,0.8406593406593407
566,3923321856.0,2425682944.0,0.8426154388438492,0.8400862068965518,0.8393913778529163
567,4334817280.0,2469601024.0,0.8409411350017624,0.8383620689655172,0.8389687235841082
568,4125771520.0,3212034048.0,0.8408530137469158,0.8349137931034483,0.8372781065088757
569,3846922752.0,5161494016.0,0.8390024673951357,0.8327586206896552,0.8334742180896028
570,4456272896.0,3546776576.0,0.8380331335918223,0.8314655172413793,0.8351648351648352
571,4029897216.0,2007534848.0,0.838385618611209,0.8327586206896552,0.8364327979712595
572,3810942208.0,1987914368.0,0.8394430736693691,0.8336206896551724,0.8385460693153001
573,4550862848.0,1967946880.0,0.8403242862178357,0.834051724137931,0.8398140321217245
574,4595279360.0,1934224256.0,0.8395311949242157,0.8327586206896552,0.8377007607776839
575,3935611392.0,2715205888.0,0.8394430736693691,0.8314655172413793,0.8364327979712595
576,3930526976.0,6658980864.0,0.8400599224532957,0.8323275862068965,0.834742180896027
577,4553290240.0,3930402304.0,0.8417342262953824,0.8349137931034483,0.8364327979712595
578,4040001792.0,2827442176.0,0.8453471977440958,0.8392241379310345,0.8393913778529163
579,3750555648.0,1869449600.0,0.8458759252731759,0.8435344827586206,0.8427726120033813
580,4507899392.0,1876225152.0,0.8466690165667959,0.8448275862068966,0.8423499577345731
581,4690496000.0,1870931968.0,0.8468452590764892,0.8456896551724138,0.8431952662721893
582,4168011520.0,2598036224.0,0.8471096228410293,0.8439655172413794,0.8444632290786137
583,3753474816.0,7349731840.0,0.8456996827634825,0.840948275862069,0.8423499577345731
584,4652880896.0,5600050176.0,0.8464927740571025,0.843103448275862,0.841927303465765
585,4278070016.0,3012390912.0,0.8469333803313359,0.8448275862068966,0.8427726120033813
586,3609904128.0,2790427392.0,0.8462284102925626,0.8448275862068966,0.8436179205409975
587,4277938688.0,2416315904.0,0.8456996827634825,0.844396551724138,0.8431952662721893
588,4527152640.0,1887117824.0,0.8456115615086359,0.844396551724138,0.8427726120033813
589,4163056384.0,2181680384.0,0.8449947127247092,0.8439655172413794,0.8427726120033813
590,3618754816.0,3560906240.0,0.8444659851956292,0.8392241379310345,0.8402366863905325
591,3853147648.0,4444127744.0,0.8442016214310892,0.8387931034482758,0.8385460693153001
592,4036972032.0,2123763712.0,0.8449947127247092,0.840948275862069,0.8406593406593407
593,3603295232.0,1831158912.0,0.8447303489601692,0.8426724137931034,0.8410819949281487
594,4065518336.0,1849395584.0,0.8449947127247092,0.8426724137931034,0.8406593406593407
595,4153549312.0,2319911680.0,0.8451709552344026,0.8418103448275862,0.8410819949281487
596,3663873792.0,3754861312.0,0.8450828339795559,0.8383620689655172,0.8389687235841082
597,3569840128.0,6140082176.0,0.8445541064504759,0.8366379310344828,0.8398140321217245
598,4049987840.0,3585620992.0,0.8449947127247092,0.8383620689655172,0.8393913778529163
599,3577031680.0,2155359232.0,0.8452590764892493,0.8405172413793104,0.8415046491969569
600,3639533824.0,2102579712.0,0.8457878040183292,0.8413793103448276,0.8410819949281487
601,3956463616.0,2531979264.0,0.8444659851956292,0.8405172413793104,0.8410819949281487
602,3488643328.0,4143703808.0,0.8441135001762425,0.8383620689655172,0.8389687235841082
603,3637171200.0,6461603840.0,0.8427916813535424,0.8349137931034483,0.8372781065088757
604,4055405824.0,3467882240.0,0.8425273175890025,0.8387931034482758,0.8398140321217245
605,3475190784.0,2589105920.0,0.8430560451180825,0.8383620689655172,0.8406593406593407
606,3426836992.0,2317460736.0,0.8431441663729291,0.8405172413793104,0.8398140321217245
607,4192099328.0,1662284544.0,0.8403242862178357,0.8344827586206897,0.8398140321217245
608,3824536576.0,1693676928.0,0.8380331335918223,0.8331896551724138,0.8368554522400676
609,3608666368.0,2302299904.0,0.8360944659851957,0.8297413793103449,0.8360101437024514
610,3896311040.0,3346213632.0,0.836006344730349,0.8288793103448275,0.834319526627219
611,4084683520.0,1754010752.0,0.837063799788509,0.8310344827586207,0.8355874894336432
612,3670325760.0,1677975040.0,0.8390905886499824,0.8357758620689655,0.8389687235841082
613,3768967168.0,1667080064.0,0.8407648924920691,0.8366379310344828,0.838123415046492
614,3946097408.0,1661239296.0,0.8425273175890025,0.8375,0.8389687235841082
615,3563526912.0,3989927936.0,0.8429679238632358,0.8375,0.8368554522400676
616,3680214528.0,4169595136.0,0.8432322876277758,0.8375,0.8377007607776839
617,3589486592.0,3530445824.0,0.8433204088826225,0.8379310344827586,0.8398140321217245
618,3461768960.0,3139870464.0,0.8446422277053225,0.8383620689655172,0.8410819949281487
619,3431095808.0,2972915712.0,0.8444659851956292,0.8379310344827586,0.8423499577345731
620,3388890112.0,2988352000.0,0.8444659851956292,0.8387931034482758,0.8415046491969569
621,3644332032.0,4331283968.0,0.8443778639407825,0.8392241379310345,0.8410819949281487
622,3393186816.0,4503820800.0,0.8439372576665491,0.8383620689655172,0.8406593406593407
623,3337679104.0,3308841472.0,0.8435847726471625,0.8362068965517241,0.8402366863905325
624,3346803200.0,2185146624.0,0.8427916813535424,0.8357758620689655,0.8402366863905325
625,3342980096.0,1799946112.0,0.8422629538244625,0.8370689655172414,0.8389687235841082
626,3337777408.0,1870778624.0,0.8427916813535424,0.8362068965517241,0.8402366863905325
627,3411627264.0,2527340800.0,0.8429679238632358,0.8349137931034483,0.8393913778529163
628,3288276992.0,3497959936.0,0.8422629538244625,0.834051724137931,0.8389687235841082
629,3299733760.0,4367188992.0,0.8430560451180825,0.8353448275862069,0.8393913778529163
630,3289039872.0,4415628288.0,0.8434085301374692,0.8362068965517241,0.8410819949281487
631,3242317568.0,3657533184.0,0.8439372576665491,0.8366379310344828,0.8406593406593407
632,3228568064.0,3149287936.0,0.8439372576665491,0.8362068965517241,0.8406593406593407
633,3272758272.0,3623735040.0,0.8434085301374692,0.834051724137931,0.8393913778529163
634,3270051328.0,5052534272.0,0.8426154388438492,0.8331896551724138,0.8364327979712595
635,3399480320.0,5054531584.0,0.8432322876277758,0.8349137931034483,0.8385460693153001
636,3244484864.0,5258683392.0,0.8435847726471625,0.8353448275862069,0.8415046491969569
637,3172382720.0,5687165952.0,0.8432322876277758,0.8353448275862069,0.841927303465765
638,3215733760.0,3437360896.0,0.8433204088826225,0.8379310344827586,0.8410819949281487
639,3448353536.0,2647770880.0,0.8431441663729291,0.8379310344827586,0.8415046491969569
640,3450414080.0,3596702208.0,0.8434966513923158,0.8353448275862069,0.8402366863905325
641,3411815680.0,4458935296.0,0.8426154388438492,0.8344827586206897,0.8389687235841082
642,3648420608.0,2339647488.0,0.8430560451180825,0.8362068965517241,0.8398140321217245
643,3310250240.0,1876627072.0,0.8426154388438492,0.8370689655172414,0.841927303465765
644,3571870464.0,2259245312.0,0.8422629538244625,0.8366379310344828,0.841927303465765
645,3341786880.0,3417148416.0,0.841293620021149,0.8336206896551724,0.8385460693153001
646,3218831104.0,5455913984.0,0.8395311949242157,0.8310344827586207,0.8368554522400676
647,3508490496.0,6964072448.0,0.8397955586887558,0.8310344827586207,0.8368554522400676
648,3664778752.0,4320615424.0,0.8405886499823757,0.8331896551724138,0.838123415046492
649,3169646848.0,2844750848.0,0.841293620021149,0.834051724137931,0.8389687235841082
650,3333421312.0,1982770048.0,0.8413817412759957,0.834051724137931,0.8389687235841082
651,3328989952.0,1680966272.0,0.8403242862178357,0.834051724137931,0.8372781065088757
652,3197084160.0,2188014592.0,0.8403242862178357,0.8331896551724138,0.8372781065088757
653,3439072000.0,2224355840.0,0.8401480437081424,0.8331896551724138,0.8368554522400676
654,3395589120.0,1693578496.0,0.841293620021149,0.8349137931034483,0.8377007607776839
655,3147412992.0,1982940544.0,0.8417342262953824,0.8370689655172414,0.8406593406593407
656,3099190272.0,2486104064.0,0.8422629538244625,0.8392241379310345,0.8398140321217245
657,3073104896.0,3934210048.0,0.8426154388438492,0.8387931034482758,0.8398140321217245
658,2947448576.0,6089461760.0,0.8425273175890025,0.8387931034482758,0.8402366863905325
659,3309607168.0,3678854656.0,0.8394430736693691,0.8318965517241379,0.8377007607776839
660,3165635072.0,2666586368.0,0.8360944659851957,0.8271551724137931,0.834742180896027
661,3279259648.0,2235561472.0,0.8338914346140289,0.8258620689655173,0.8351648351648352
662,3375563520.0,1939712128.0,0.833627070849489,0.8254310344827587,0.8355874894336432
663,3429255680.0,1767113472.0,0.8331864645752556,0.825,0.8355874894336432
664,3559246592.0,2325106688.0,0.8325696157913288,0.825,0.8360101437024514
665,3508999168.0,2163942400.0,0.8324814945364822,0.825,0.8360101437024514
666,3469386752.0,2685670912.0,0.8321290095170956,0.8241379310344827,0.8355874894336432
667,3554891776.0,2477852928.0,0.8323052520267888,0.8241379310344827,0.8355874894336432
668,3457473024.0,1707866240.0,0.8325696157913288,0.8254310344827587,0.8364327979712595
669,3322158592.0,1488865792.0,0.8342439196334156,0.8254310344827587,0.8372781065088757
670,3298491136.0,1472169472.0,0.8359182234755023,0.8293103448275863,0.8364327979712595
671,3256831232.0,1466185984.0,0.837856891082129,0.8323275862068965,0.8372781065088757
672,3198889472.0,1922500864.0,0.8397955586887558,0.8357758620689655,0.8398140321217245
673,3117589760.0,3765069568.0,0.8407648924920691,0.8353448275862069,0.8398140321217245
674,3072584448.0,4970331136.0,0.8422629538244625,0.8353448275862069,0.8402366863905325
675,3150251008.0,4601280512.0,0.8426154388438492,0.8362068965517241,0.8406593406593407
676,3078963200.0,3495620864.0,0.8419985900599225,0.8366379310344828,0.8410819949281487
677,2918562560.0,2656853760.0,0.8418223475502291,0.8349137931034483,0.841927303465765
678,2923567360.0,2115064832.0,0.8417342262953824,0.8353448275862069,0.8410819949281487
679,2987559680.0,2958850560.0,0.8420867113147691,0.8336206896551724,0.8398140321217245
680,2937194496.0,4194693120.0,0.8412054987663025,0.8301724137931035,0.8389687235841082
681,3241548288.0,3990301184.0,0.8423510750793092,0.834051724137931,0.8385460693153001
682,2921245696.0,3944221696.0,0.8429679238632358,0.8353448275862069,0.841927303465765
683,3179411712.0,2377105408.0,0.8428798026083891,0.8370689655172414,0.8423499577345731
684,2842296576.0,2362972160.0,0.8410292562566091,0.8331896551724138,0.8406593406593407
685,2849889536.0,2594430464.0,0.8393549524145224,0.8318965517241379,0.8402366863905325
686,2877807872.0,3034914304.0,0.8387381036305958,0.8323275862068965,0.8389687235841082
687,2881516288.0,3660695808.0,0.838385618611209,0.8318965517241379,0.8385460693153001
688,2899941376.0,4196391680.0,0.8393549524145224,0.8336206896551724,0.8406593406593407
689,2774481152.0,3932695552.0,0.8406767712372224,0.8357758620689655,0.8423499577345731
690,2780972800.0,3954526208.0,0.8413817412759957,0.8357758620689655,0.8410819949281487
691,2877536000.0,5136779264.0,0.8420867113147691,0.8357758620689655,0.8385460693153001
692,2675216640.0,6921361920.0,0.8421748325696158,0.8353448275862069,0.8389687235841082
693,2894229504.0,5401784832.0,0.8419104688050758,0.8362068965517241,0.841927303465765
694,2705773568.0,3737748480.0,0.8417342262953824,0.8362068965517241,0.841927303465765
695,2664216832.0,2458764800.0,0.8407648924920691,0.8383620689655172,0.8415046491969569
696,2993040896.0,2922798080.0,0.8405005287275291,0.8387931034482758,0.841927303465765
697,2683183360.0,4007884800.0,0.8408530137469158,0.8357758620689655,0.8415046491969569
698,2603253760.0,5355426304.0,0.8410292562566091,0.8353448275862069,0.8406593406593407
699,2562830336.0,6835637760.0,0.8408530137469158,0.8357758620689655,0.8410819949281487
700,2821837824.0,4621948928.0,0.8406767712372224,0.8379310344827586,0.8415046491969569
701,2511975168.0,2089338752.0,0.8392668311596757,0.8362068965517241,0.8415046491969569
702,2723703296.0,2085435776.0,0.8375044060627423,0.8318965517241379,0.8427726120033813
703,2592476160.0,2475564544.0,0.8366231935142756,0.8318965517241379,0.8402366863905325
704,2619089920.0,2894056448.0,0.836006344730349,0.8284482758620689,0.8402366863905325
705,2664829184.0,2903795200.0,0.8362707084948889,0.8293103448275863,0.8398140321217245
706,2620737792.0,2582020864.0,0.8379450123369757,0.8327586206896552,0.8423499577345731
707,2523145984.0,2835290368.0,0.8400599224532957,0.8323275862068965,0.841927303465765
708,2647977728.0,4765502464.0,0.8418223475502291,0.8349137931034483,0.8410819949281487
709,2415530240.0,6215875584.0,0.8422629538244625,0.8349137931034483,0.8402366863905325
710,2570850304.0,6067479040.0,0.8423510750793092,0.8349137931034483,0.8402366863905325
711,2626991616.0,3024279552.0,0.838385618611209,0.8327586206896552,0.8389687235841082
712,2460304128.0,2605984768.0,0.835741980965809,0.8301724137931035,0.838123415046492
713,2610352640.0,2763197184.0,0.8348607684173422,0.8284482758620689,0.8377007607776839
714,2690185216.0,3371589120.0,0.8353894959464223,0.8275862068965517,0.8389687235841082
715,2720095744.0,3993763328.0,0.8356538597109623,0.8301724137931035,0.8389687235841082
716,2752269568.0,3918985984.0,0.8377687698272823,0.8314655172413793,0.8393913778529163
717,2903846912.0,4498708992.0,0.8382093761015157,0.8331896551724138,0.8406593406593407
718,2755709184.0,2990945280.0,0.840236164962989,0.8362068965517241,0.841927303465765
719,2732567552.0,2813972224.0,0.8413817412759957,0.8370689655172414,0.8427726120033813
720,2694583808.0,3175511808.0,0.8419985900599225,0.840948275862069,0.8431952662721893
721,2656330496.0,3483383040.0,0.8428798026083891,0.840948275862069,0.8436179205409975
722,2722199296.0,2161873664.0,0.8435847726471625,0.8396551724137931,0.8444632290786137
723,2548612096.0,1959979904.0,0.8437610151568559,0.8426724137931034,0.8444632290786137
724,2489089536.0,3241658368.0,0.8442897426859358,0.8426724137931034,0.8465765004226543
725,2390679808.0,4844988416.0,0.8449065914698626,0.843103448275862,0.8469991546914624
726,2655358720.0,5634405376.0,0.8450828339795559,0.843103448275862,0.8474218089602705
727,2577837312.0,3895984128.0,0.8447303489601692,0.843103448275862,0.8461538461538461
728,2308087552.0,2142072576.0,0.8434966513923158,0.8426724137931034,0.8448858833474218
729,2360878592.0,2132348416.0,0.8431441663729291,0.8400862068965518,0.8448858833474218
730,2386121984.0,2491607808.0,0.8431441663729291,0.8405172413793104,0.8453085376162299
731,2369431808.0,2926117376.0,0.8434966513923158,0.8396551724137931,0.8453085376162299
732,2342161152.0,3371400704.0,0.8427916813535424,0.8366379310344828,0.8453085376162299
733,2417467136.0,3646383104.0,0.8409411350017624,0.8366379310344828,0.8423499577345731
734,2314960384.0,3091006976.0,0.8406767712372224,0.8349137931034483,0.8415046491969569
735,2238515456.0,3443490560.0,0.8396193161790624,0.8349137931034483,0.8410819949281487
736,2355750400.0,3310541568.0,0.8390905886499824,0.8344827586206897,0.8406593406593407
737,2431920896.0,1725065344.0,0.837063799788509,0.8327586206896552,0.8406593406593407
738,2265417984.0,1653314560.0,0.8360944659851957,0.8306034482758621,0.8398140321217245
739,2346134528.0,2154401280.0,0.8358301022206556,0.8288793103448275,0.8377007607776839
740,2422262016.0,2606936320.0,0.8356538597109623,0.8293103448275863,0.8389687235841082
741,2482359808.0,3004716800.0,0.8364469510045823,0.8306034482758621,0.8389687235841082
742,2526029056.0,2999487744.0,0.8367113147691223,0.834051724137931,0.8393913778529163
743,2521717760.0,2336288000.0,0.8387381036305958,0.8362068965517241,0.841927303465765
744,2459322880.0,1758248704.0,0.8390905886499824,0.8392241379310345,0.841927303465765
745,2405492480.0,1281755648.0,0.838914346140289,0.8396551724137931,0.8436179205409975
746,2462331136.0,1533995776.0,0.839178709904829,0.8400862068965518,0.8444632290786137
747,2293852160.0,1999731584.0,0.8409411350017624,0.8405172413793104,0.8444632290786137
748,2235606784.0,3700448768.0,0.8422629538244625,0.8405172413793104,0.8444632290786137
749,2232322560.0,3950357248.0,0.8419985900599225,0.8422413793103448,0.8457311918850381
750,2215084544.0,4268408576.0,0.8423510750793092,0.8426724137931034,0.8453085376162299
751,2191409664.0,3022471936.0,0.8422629538244625,0.8396551724137931,0.8444632290786137
752,2091070848.0,2260918528.0,0.8416461050405358,0.8392241379310345,0.8436179205409975
753,2122790912.0,1949107072.0,0.8411173775114558,0.8392241379310345,0.8427726120033813
754,2145734912.0,2821100288.0,0.8408530137469158,0.8392241379310345,0.8423499577345731
755,2170647552.0,3597044736.0,0.8413817412759957,0.8370689655172414,0.8423499577345731
756,2180858112.0,4138220032.0,0.8405886499823757,0.8353448275862069,0.841927303465765
757,2122196992.0,4227871488.0,0.839971801198449,0.8357758620689655,0.8410819949281487
758,2128767488.0,2740440576.0,0.8375044060627423,0.834051724137931,0.8410819949281487
759,2108003072.0,1742124544.0,0.8342439196334156,0.8310344827586207,0.8372781065088757
760,2166831360.0,1529656704.0,0.8326577370461755,0.8267241379310345,0.8377007607776839
761,2177460736.0,1991037440.0,0.8328339795558689,0.8280172413793103,0.8393913778529163
762,2119741056.0,3162942208.0,0.8356538597109623,0.8310344827586207,0.8389687235841082
763,2098880128.0,6032246784.0,0.837328163553049,0.8318965517241379,0.8410819949281487
764,2054894592.0,9717566464.0,0.8385618611209024,0.8336206896551724,0.841927303465765
765,2718158848.0,4186971136.0,0.8363588297497356,0.8310344827586207,0.8415046491969569
766,2106279424.0,1598345216.0,0.8340676771237222,0.8310344827586207,0.8393913778529163
767,2500127488.0,1307359744.0,0.8328339795558689,0.8293103448275863,0.8389687235841082
768,2526131712.0,1523027200.0,0.8311596757137821,0.8271551724137931,0.8368554522400676
769,2435455744.0,2072109824.0,0.8312477969686288,0.8258620689655173,0.834742180896027
770,2610968320.0,1998963200.0,0.8342439196334156,0.8293103448275863,0.8377007607776839
771,2519588352.0,1741927168.0,0.837328163553049,0.8357758620689655,0.8385460693153001
772,2401732352.0,1717622912.0,0.8385618611209024,0.8418103448275862,0.8406593406593407
773,2498732032.0,2111963392.0,0.8390024673951357,0.8426724137931034,0.8415046491969569
774,2324771072.0,2962251520.0,0.8398836799436024,0.8413793103448276,0.8406593406593407
775,2223265024.0,4569294336.0,0.8405005287275291,0.8396551724137931,0.8406593406593407
776,2438509568.0,4833901568.0,0.8425273175890025,0.840948275862069,0.8415046491969569
777,2204838144.0,4692060672.0,0.8433204088826225,0.8418103448275862,0.841927303465765
778,2021324800.0,3972049664.0,0.8437610151568559,0.8413793103448276,0.8431952662721893
779,2156621568.0,3225251840.0,0.8437610151568559,0.8422413793103448,0.8431952662721893
780,2021004032.0,5164883456.0,0.8431441663729291,0.840948275862069,0.8436179205409975
781,1899639424.0,7436481536.0,0.8421748325696158,0.8413793103448276,0.8427726120033813
782,2143222016.0,6962856960.0,0.8413817412759957,0.8405172413793104,0.8440405748098055
783,2050731776.0,6341151232.0,0.8406767712372224,0.8396551724137931,0.8415046491969569
784,1982896256.0,6189776896.0,0.8407648924920691,0.8387931034482758,0.8415046491969569
785,1906487424.0,6448119808.0,0.8407648924920691,0.8383620689655172,0.8415046491969569
786,1854111104.0,9840486400.0,0.8404124074726824,0.8387931034482758,0.8410819949281487
787,3279733504.0,2025968128.0,0.8300140994007754,0.8241379310344827,0.8322062552831784
788,2462526976.0,1244404480.0,0.8226119139936553,0.8219827586206897,0.8216398985629755
789,3113348096.0,1332617728.0,0.8191751850546352,0.8185344827586207,0.8157227387996618
790,3609918464.0,1391981696.0,0.8168840324286217,0.8163793103448276,0.81614539306847
791,4001592832.0,1414201088.0,0.8155622136059217,0.8155172413793104,0.81614539306847
792,4248958464.0,1411326208.0,0.8153859710962285,0.815948275862069,0.8144547759932376
793,4452016128.0,1454391808.0,0.8153859710962285,0.8155172413793104,0.8144547759932376
794,4804323328.0,1424197120.0,0.8169721536834684,0.8168103448275862,0.8148774302620456
795,4785803776.0,1451951744.0,0.8179414874867819,0.8172413793103448,0.8157227387996618
796,4858644480.0,1422197248.0,0.8199682763482552,0.8206896551724138,0.8157227387996618
797,4781805056.0,1425707520.0,0.8225237927388086,0.8211206896551724,0.819949281487743
798,4586688000.0,1437608448.0,0.8235812477969686,0.8245689655172413,0.8207945900253593
799,4617782272.0,1380568064.0,0.8267536129714487,0.8301724137931035,0.8241758241758241
800,4477790720.0,1310892928.0,0.8353894959464223,0.8387931034482758,0.8300929839391378
801,4376174592.0,1250685824.0,0.8405886499823757,0.8435344827586206,0.8368554522400676
802,4446738944.0,1239989760.0,0.8415579837856891,0.8452586206896552,0.841927303465765
803,4236371712.0,1212861696.0,0.8437610151568559,0.8456896551724138,0.8444632290786137
804,4184119808.0,1163819648.0,0.8440253789213958,0.8461206896551724,0.8469991546914624
805,4082877696.0,1118309760.0,0.8444659851956292,0.8487068965517242,0.8478444632290786
806,3934460416.0,1090358400.0,0.8438491364117024,0.8478448275862069,0.8474218089602705
807,3792569344.0,1079359104.0,0.8447303489601692,0.8456896551724138,0.8465765004226543
808,3676469760.0,1085287296.0,0.8441135001762425,0.8456896551724138,0.8465765004226543
809,3558139648.0,1089720320.0,0.8441135001762425,0.8456896551724138,0.8465765004226543
810,3387753984.0,1225718528.0,0.8444659851956292,0.844396551724138,0.8461538461538461
811,3267106048.0,1538417664.0,0.8446422277053225,0.844396551724138,0.8444632290786137
812,3186932224.0,2874624000.0,0.8448184702150159,0.8439655172413794,0.8448858833474218
813,3116407808.0,3213892864.0,0.8452590764892493,0.844396551724138,0.8453085376162299
814,2965843712.0,3058190080.0,0.8461402890377159,0.844396551724138,0.8444632290786137
815,2809470464.0,2845410048.0,0.8462284102925626,0.844396551724138,0.8440405748098055
816,2697070080.0,2685277440.0,0.8466690165667959,0.8448275862068966,0.8444632290786137
817,2629821952.0,3842932992.0,0.8465808953119492,0.846551724137931,0.8440405748098055
818,2507449600.0,4865980416.0,0.8464927740571025,0.846551724137931,0.8436179205409975
819,2610756864.0,4833266176.0,0.8462284102925626,0.8469827586206896,0.8431952662721893
820,2593751296.0,3466356224.0,0.8456996827634825,0.846551724137931,0.8440405748098055
821,2294382336.0,1978450432.0,0.8456996827634825,0.8469827586206896,0.8431952662721893
822,2188417280.0,2494875648.0,0.8458759252731759,0.844396551724138,0.8431952662721893
823,2141698176.0,2765039104.0,0.8460521677828692,0.8452586206896552,0.8436179205409975
824,2043422208.0,3697885184.0,0.8461402890377159,0.8448275862068966,0.8453085376162299
825,1975325568.0,2887008512.0,0.8452590764892493,0.8435344827586206,0.8453085376162299
826,1938839552.0,2768823808.0,0.8445541064504759,0.8435344827586206,0.8440405748098055
827,1898164608.0,3254977792.0,0.8446422277053225,0.844396551724138,0.8448858833474218
828,1834489088.0,3915937280.0,0.8447303489601692,0.844396551724138,0.8461538461538461
829,1812530688.0,4379637760.0,0.8451709552344026,0.844396551724138,0.8461538461538461
830,1858236160.0,3561021696.0,0.8435847726471625,0.8418103448275862,0.8436179205409975
831,1847345152.0,3745447424.0,0.8420867113147691,0.8370689655172414,0.8431952662721893
832,1793417344.0,3648120320.0,0.841293620021149,0.8349137931034483,0.8406593406593407
833,1772196224.0,2480710400.0,0.8397955586887558,0.8336206896551724,0.8368554522400676
834,1788877184.0,1850877824.0,0.8372400422982024,0.8327586206896552,0.834319526627219
835,1790899968.0,1521408384.0,0.836535072259429,0.8318965517241379,0.8326289095519864
836,1772957440.0,1341136896.0,0.8361825872400424,0.8323275862068965,0.8334742180896028
837,1736027008.0,1236668416.0,0.837063799788509,0.8323275862068965,0.8334742180896028
838,1684075648.0,1606484096.0,0.837592527317589,0.8331896551724138,0.834742180896027
839,1896696704.0,1802376832.0,0.8368875572788157,0.8306034482758621,0.8338968723584108
840,1636518912.0,2234578432.0,0.8367113147691223,0.8314655172413793,0.8334742180896028
841,1636917376.0,2925990656.0,0.8371519210433557,0.8318965517241379,0.834319526627219
842,1644409856.0,2731429376.0,0.8380331335918223,0.834051724137931,0.8351648351648352
843,1636551424.0,2753905152.0,0.8396193161790624,0.8353448275862069,0.8364327979712595
844,1621743616.0,3080850688.0,0.8398836799436024,0.8344827586206897,0.8377007607776839
845,1586642176.0,3670840576.0,0.8415579837856891,0.8370689655172414,0.8415046491969569
846,1638203904.0,2319799808.0,0.8407648924920691,0.8370689655172414,0.8402366863905325
847,1677694976.0,2472253440.0,0.8395311949242157,0.8366379310344828,0.8389687235841082
848,1792491008.0,3028739840.0,0.8384737398660557,0.8379310344827586,0.8372781065088757
849,1895717120.0,3519323648.0,0.837063799788509,0.8357758620689655,0.834742180896027
850,1973340544.0,3087069696.0,0.8363588297497356,0.8349137931034483,0.834742180896027
851,1996508672.0,2579683072.0,0.8362707084948889,0.834051724137931,0.8338968723584108
852,1990487424.0,2220314880.0,0.8371519210433557,0.8357758620689655,0.834742180896027
853,1958315136.0,2062543360.0,0.8372400422982024,0.8353448275862069,0.8368554522400676
854,1908492160.0,1924823552.0,0.8376806485724356,0.8353448275862069,0.8377007607776839
855,1936219008.0,2890759424.0,0.837063799788509,0.8344827586206897,0.8364327979712595
856,1881912832.0,3479648256.0,0.8366231935142756,0.8331896551724138,0.834742180896027
857,1851851776.0,3492766464.0,0.8363588297497356,0.8336206896551724,0.834742180896027
858,1770979072.0,2962057216.0,0.8364469510045823,0.8314655172413793,0.8360101437024514
859,1651252736.0,2906002944.0,0.8368875572788157,0.8301724137931035,0.8364327979712595
860,1575644544.0,3727205376.0,0.8367113147691223,0.8310344827586207,0.8351648351648352
861,1534216576.0,3477264128.0,0.8361825872400424,0.8314655172413793,0.8360101437024514
862,1646711680.0,935196288.0,0.8356538597109623,0.8301724137931035,0.834319526627219
863,1742017408.0,946137792.0,0.8318646457525555,0.8297413793103449,0.830938292476754
864,1718478208.0,961964608.0,0.8312477969686288,0.8288793103448275,0.8275570583262891
865,1821792512.0,1309256576.0,0.8305428269298555,0.8275862068965517,0.8233305156382079
866,1908644480.0,1652586112.0,0.8301022206556221,0.8271551724137931,0.8245984784446323
867,1950956544.0,2007341952.0,0.8304547056750088,0.8271551724137931,0.8262890955198647
868,1990854784.0,1626090496.0,0.8318646457525555,0.8284482758620689,0.8284023668639053
869,1947890688.0,1321819008.0,0.8331864645752556,0.8297413793103449,0.8313609467455622
870,1910375680.0,1084383872.0,0.8342439196334156,0.8318965517241379,0.8338968723584108
871,1931512064.0,1376543360.0,0.8352132534367289,0.8327586206896552,0.8355874894336432
872,1833282432.0,1715615232.0,0.836799436023969,0.8357758620689655,0.8355874894336432
873,1873740672.0,1773892352.0,0.838914346140289,0.8387931034482758,0.8393913778529163
874,1734029952.0,1577676544.0,0.8404124074726824,0.8396551724137931,0.8393913778529163
875,1649513728.0,1870517632.0,0.8416461050405358,0.8413793103448276,0.8393913778529163
876,1582838784.0,2453348608.0,0.8419985900599225,0.8413793103448276,0.8402366863905325
877,1517644544.0,4033429504.0,0.8418223475502291,0.8413793103448276,0.8398140321217245
878,1514857600.0,4573850624.0,0.8416461050405358,0.8413793103448276,0.8398140321217245
879,1410120960.0,4640284160.0,0.8413817412759957,0.840948275862069,0.8389687235841082
880,2063632640.0,1218491520.0,0.839178709904829,0.8400862068965518,0.8398140321217245
881,1550542720.0,1075725696.0,0.8382093761015157,0.8383620689655172,0.8364327979712595
882,1754901888.0,981748800.0,0.8343320408882623,0.8331896551724138,0.8296703296703297
883,1966114560.0,1161758720.0,0.8329221008107155,0.8306034482758621,0.8241758241758241
884,2134960000.0,1328544640.0,0.8321290095170956,0.8301724137931035,0.8233305156382079
885,2257969152.0,1488831744.0,0.8316884032428622,0.8288793103448275,0.8224852071005917
886,2335285504.0,1684251520.0,0.8322171307719421,0.8293103448275863,0.8233305156382079
887,2382476032.0,1449438848.0,0.8330102220655622,0.8310344827586207,0.8241758241758241
888,2374688768.0,1346012288.0,0.833627070849489,0.8310344827586207,0.8254437869822485
889,2446961664.0,1759431168.0,0.8338033133591822,0.8306034482758621,0.8258664412510567
890,2368692992.0,2016079616.0,0.8340676771237222,0.8331896551724138,0.8275570583262891
891,2350776320.0,1881185024.0,0.8353894959464223,0.8344827586206897,0.8296703296703297
892,2270314240.0,1572865792.0,0.8369756785336623,0.8370689655172414,0.8334742180896028
893,2169165568.0,1286965248.0,0.8377687698272823,0.8392241379310345,0.8372781065088757
894,2105015552.0,1084242560.0,0.8385618611209024,0.8392241379310345,0.8393913778529163
895,2019965824.0,996349824.0,0.8398836799436024,0.8396551724137931,0.8398140321217245
896,2037398656.0,1592210816.0,0.840236164962989,0.8396551724137931,0.8393913778529163
897,1850620928.0,3437411840.0,0.8407648924920691,0.8400862068965518,0.8398140321217245
898,1810957312.0,3306204672.0,0.8408530137469158,0.8400862068965518,0.8398140321217245
899,1733613440.0,1358582272.0,0.8407648924920691,0.8387931034482758,0.8393913778529163
900,1615825536.0,1044233792.0,0.8400599224532957,0.8379310344827586,0.8393913778529163
901,1600460160.0,2433647616.0,0.8394430736693691,0.8379310344827586,0.8385460693153001
902,1561972352.0,3897261312.0,0.8397955586887558,0.8379310344827586,0.8385460693153001
903,1488818432.0,4626470912.0,0.8398836799436024,0.8383620689655172,0.8385460693153001
904,1507199360.0,4757707264.0,0.8390905886499824,0.8366379310344828,0.8389687235841082
905,1344005376.0,5232765440.0,0.8390024673951357,0.8353448275862069,0.8393913778529163
906,1353217280.0,7068717056.0,0.837856891082129,0.8327586206896552,0.838123415046492
907,1469628160.0,5905606144.0,0.837856891082129,0.8323275862068965,0.8385460693153001
908,1354946816.0,5110029312.0,0.8380331335918223,0.8314655172413793,0.8385460693153001
909,1338491392.0,4849920512.0,0.8382093761015157,0.8327586206896552,0.8377007607776839
910,1417614464.0,1771825024.0,0.835741980965809,0.8323275862068965,0.8368554522400676
911,1579238784.0,1798496640.0,0.8340676771237222,0.8323275862068965,0.8355874894336432
912,1535995392.0,1978623872.0,0.8325696157913288,0.8284482758620689,0.8313609467455622
913,1640471040.0,1791887360.0,0.8323052520267888,0.8275862068965517,0.827134404057481
914,1705975680.0,1658414848.0,0.8323052520267888,0.8271551724137931,0.8245984784446323
915,1746761600.0,1571757696.0,0.8324814945364822,0.8280172413793103,0.8237531699070161
916,1760423424.0,1139020160.0,0.8330983433204089,0.8284482758620689,0.827134404057481
917,1732254336.0,876238336.0,0.8340676771237222,0.8310344827586207,0.8300929839391378
918,1685697664.0,859140928.0,0.8348607684173422,0.8331896551724138,0.8326289095519864
919,1621666944.0,845582784.0,0.8374162848078957,0.8349137931034483,0.8360101437024514
920,1548029696.0,834525504.0,0.8385618611209024,0.8375,0.8402366863905325
921,1557591424.0,990200128.0,0.8388262248854423,0.8392241379310345,0.8398140321217245
922,1400302336.0,3125409280.0,0.8393549524145224,0.8396551724137931,0.8393913778529163
923,1384138624.0,4020296448.0,0.8397074374339091,0.8387931034482758,0.8385460693153001
924,1347272192.0,3974326272.0,0.8397955586887558,0.8396551724137931,0.8385460693153001
925,1393816448.0,1877696640.0,0.8394430736693691,0.8383620689655172,0.8393913778529163
926,1363771136.0,773990592.0,0.8390024673951357,0.8379310344827586,0.8389687235841082
927,1607969536.0,774045760.0,0.8394430736693691,0.8400862068965518,0.8406593406593407
928,1441079552.0,795301184.0,0.8384737398660557,0.8375,0.8393913778529163
929,1443636864.0,1408761984.0,0.8385618611209024,0.8349137931034483,0.8385460693153001
930,1473792384.0,2507371776.0,0.8384737398660557,0.8349137931034483,0.8385460693153001
931,1506973952.0,2791886336.0,0.8377687698272823,0.834051724137931,0.8385460693153001
932,1513397120.0,892344128.0,0.8377687698272823,0.8349137931034483,0.8377007607776839
933,1401892480.0,839802048.0,0.8374162848078957,0.8331896551724138,0.8393913778529163
934,1362045184.0,1777457024.0,0.8372400422982024,0.8344827586206897,0.8360101437024514
935,1315704704.0,3087229696.0,0.8367113147691223,0.8357758620689655,0.8351648351648352
936,1287645824.0,4716313088.0,0.8375044060627423,0.8349137931034483,0.8351648351648352
937,1284369536.0,5496325120.0,0.837856891082129,0.834051724137931,0.8360101437024514
938,1435907968.0,844911296.0,0.835741980965809,0.8353448275862069,0.8330515638207946
939,1396107776.0,841483648.0,0.8342439196334156,0.8306034482758621,0.8300929839391378
940,1706432640.0,851026880.0,0.8334508283397956,0.8293103448275863,0.8254437869822485
941,1756478208.0,862288768.0,0.8313359182234755,0.8275862068965517,0.8216398985629755
942,1938893568.0,864058560.0,0.8304547056750088,0.8275862068965517,0.8224852071005917
943,2056149760.0,854008704.0,0.8299259781459288,0.8284482758620689,0.8224852071005917
944,2097875712.0,835580736.0,0.8305428269298555,0.8297413793103449,0.8224852071005917
945,2142934016.0,817985024.0,0.8308953119492422,0.8297413793103449,0.8241758241758241
946,2288353536.0,816656000.0,0.8316002819880155,0.8293103448275863,0.8245984784446323
947,2196323584.0,919874240.0,0.8332745858301022,0.8293103448275863,0.8258664412510567
948,2209528576.0,1154268672.0,0.8345082833979556,0.8314655172413793,0.8288250211327134
949,2223368448.0,1079862912.0,0.8364469510045823,0.8331896551724138,0.8326289095519864
950,2149223680.0,838586368.0,0.838914346140289,0.8375,0.8393913778529163
951,2082246528.0,760694848.0,0.8408530137469158,0.840948275862069,0.8402366863905325
952,2012085376.0,738536064.0,0.8421748325696158,0.8422413793103448,0.8398140321217245
953,1943505664.0,717230528.0,0.8434085301374692,0.8435344827586206,0.8415046491969569
954,2001115264.0,871882048.0,0.8427916813535424,0.843103448275862,0.8423499577345731
955,1790185344.0,1539534464.0,0.8427035600986958,0.8426724137931034,0.8423499577345731
956,1717236096.0,2351463424.0,0.8426154388438492,0.8426724137931034,0.841927303465765
957,1734221440.0,2363682304.0,0.8429679238632358,0.8422413793103448,0.8415046491969569
958,1650796800.0,1987930624.0,0.8429679238632358,0.8413793103448276,0.8410819949281487
959,1521322368.0,1631969152.0,0.8421748325696158,0.840948275862069,0.8406593406593407
960,1386488704.0,2080517888.0,0.8420867113147691,0.8405172413793104,0.8410819949281487
961,1536434176.0,3952319744.0,0.8421748325696158,0.840948275862069,0.841927303465765
962,1475915392.0,5294554112.0,0.8430560451180825,0.8418103448275862,0.8410819949281487
963,1223471360.0,6065372160.0,0.8429679238632358,0.840948275862069,0.8406593406593407
964,1256527744.0,4977930240.0,0.8428798026083891,0.8405172413793104,0.8393913778529163
965,1149019520.0,4255514624.0,0.8416461050405358,0.840948275862069,0.8377007607776839
966,1240411520.0,5046757376.0,0.8407648924920691,0.840948275862069,0.8368554522400676
967,1143116416.0,7015853568.0,0.8393549524145224,0.8387931034482758,0.8355874894336432
968,2111466880.0,839956352.0,0.8321290095170956,0.8288793103448275,0.8241758241758241
969,1561734016.0,896534592.0,0.8268417342262954,0.8232758620689655,0.8153000845308538
970,2026137728.0,1192587904.0,0.8180296087416284,0.8163793103448276,0.8110735418427726
971,2263555072.0,1811431808.0,0.8137997885089884,0.8073275862068966,0.8089602704987321
972,2717046272.0,1556432768.0,0.811244272118435,0.8051724137931034,0.8081149619611158
973,2984152064.0,1147341184.0,0.8105393020796616,0.8060344827586207,0.8085376162299239
974,3012127488.0,1099201920.0,0.8105393020796616,0.805603448275862,0.8085376162299239
975,3212784128.0,1041691008.0,0.8118611209023616,0.8064655172413793,0.8102282333051564
976,3486114560.0,1023748224.0,0.813623545999295,0.8077586206896552,0.8098055790363483
977,3408838400.0,998159168.0,0.8142403947832217,0.8103448275862069,0.8114961961115807
978,3413802752.0,961864320.0,0.8198801550934085,0.8155172413793104,0.8131868131868132
979,3365020416.0,1005790720.0,0.824814945364822,0.8232758620689655,0.8144547759932376
980,3302706176.0,1261955072.0,0.8286041593232287,0.8297413793103449,0.8224852071005917
981,3324850432.0,1122994560.0,0.8325696157913288,0.8366379310344828,0.8254437869822485
982,3304944384.0,803584320.0,0.8353894959464223,0.8392241379310345,0.8284023668639053
983,3399017984.0,1030215872.0,0.8366231935142756,0.8435344827586206,0.8300929839391378
984,3153307136.0,1019732928.0,0.8379450123369757,0.8439655172413794,0.8300929839391378
985,3088011264.0,968683456.0,0.838914346140289,0.8435344827586206,0.8338968723584108
986,3034163968.0,947246784.0,0.8397074374339091,0.8435344827586206,0.8330515638207946
987,2968448768.0,950115136.0,0.8397074374339091,0.846551724137931,0.8372781065088757
988,2915997184.0,889441152.0,0.8415579837856891,0.8469827586206896,0.8402366863905325
989,2791815680.0,795642304.0,0.8428798026083891,0.8487068965517242,0.8410819949281487
990,2678845184.0,721080448.0,0.8437610151568559,0.8495689655172414,0.8431952662721893
991,2564123392.0,731749952.0,0.8443778639407825,0.8482758620689655,0.8436179205409975
992,2472245504.0,742066304.0,0.8454353189989425,0.8482758620689655,0.8431952662721893
993,2405224960.0,743177408.0,0.8458759252731759,0.8478448275862069,0.8431952662721893
994,2287873536.0,747116160.0,0.8457878040183292,0.8469827586206896,0.8427726120033813
995,2200897536.0,752011072.0,0.8454353189989425,0.8487068965517242,0.841927303465765
996,2089323776.0,744272256.0,0.8457878040183292,0.8482758620689655,0.8402366863905325
997,1983690880.0,746512512.0,0.8450828339795559,0.8474137931034482,0.8389687235841082
998,1880913280.0,754017920.0,0.8443778639407825,0.8469827586206896,0.8393913778529163
999,1775461248.0,746040384.0,0.8446422277053225,0.846551724137931,0.8389687235841082
1000,1660998016.0,730606144.0,0.8444659851956292,0.846551724137931,0.8398140321217245
